<?xml version="1.0" encoding="UTF-8" standalone="yes"?>
<groupHaul xmlns:a="http://www.appian.com/ae/types/2009">
    <versionUuid>10c7e6df-ddd8-4267-ab03-272a3cb241df</versionUuid>
    <group>
        <name>DCR Users</name>
        <securityMap>SECURITYMAP_TEAM</securityMap>
        <uuid>10c7e6df-ddd8-4267-ab03-272a3cb241df</uuid>
        <groupTypeUuid>SYSTEM_GROUP_TYPE_CUSTOM</groupTypeUuid>
        <description>Assigns Viewer permissions to users for objects in the application</description>
        <delegatedCreation>false</delegatedCreation>
        <memberPolicy>MEMBERPOLICY_CLOSED</memberPolicy>
        <viewingPolicy>VIEWINGPOLICY_LOW</viewingPolicy>
        <attributes/>
    </group>
    <members>
        <users/>
        <groups>
            <groupUuid>839b8276-38ad-49d7-96b6-3775afc2f7c1</groupUuid>
        </groups>
    </members>
    <admins>
        <users/>
        <groups>
            <groupUuid>839b8276-38ad-49d7-96b6-3775afc2f7c1</groupUuid>
        </groups>
    </admins>
    <ruleSet/>
    <history>
        <historyInfo versionUuid="10c7e6df-ddd8-4267-ab03-272a3cb241df"/>
    </history>
</groupHaul>
