<?xml version="1.0" encoding="UTF-8" standalone="yes"?>
<contentHaul xmlns:a="http://www.appian.com/ae/types/2009">
    <versionUuid>be5e507d-b343-464d-9aa6-75b68300ab66</versionUuid>
    <interface>
        <name>DCR_UpdateTemplate</name>
        <uuid>36e30256-c143-471e-a828-3144960001cd</uuid>
        <description>Form interface for updating DCR Templates as an action</description>
        <parentUuid>ac9f0649-dc34-49a2-93c7-e4e8891c6615</parentUuid>
        <visibility>
            <advertise>false</advertise>
            <hierarchy>true</hierarchy>
            <indexable>true</indexable>
            <quota>false</quota>
            <searchable>true</searchable>
            <system>false</system>
            <unlogged>false</unlogged>
        </visibility>
        <definition>#"SYSTEM_SYSRULES_formLayout_v1"(
  label: "Update Template",
  contents: {
    #"SYSTEM_SYSRULES_columnsLayout"(
      columns: {
        #"SYSTEM_SYSRULES_columnLayout"(
          contents: {
            #"SYSTEM_SYSRULES_textField"(
              label: "Name",
              labelPosition: "ABOVE",
              required: false,
              value: ri!record[#"urn:appian:record-field:v1:ae2a08da-a904-4404-8208-3f9ae918ca72/e94fd91f-919a-4ffd-a83c-97e8e57ea537"],
              saveInto: ri!record[#"urn:appian:record-field:v1:ae2a08da-a904-4404-8208-3f9ae918ca72/e94fd91f-919a-4ffd-a83c-97e8e57ea537"],
              characterLimit: 100
            )
          }
        ),
        #"SYSTEM_SYSRULES_columnLayout"(
          contents: {
            #"SYSTEM_SYSRULES_textField"(
              label: "Description",
              labelPosition: "ABOVE",
              required: false,
              value: ri!record[#"urn:appian:record-field:v1:ae2a08da-a904-4404-8208-3f9ae918ca72/e014dad4-d5cf-421e-8694-80be3d3454a2"],
              saveInto: ri!record[#"urn:appian:record-field:v1:ae2a08da-a904-4404-8208-3f9ae918ca72/e014dad4-d5cf-421e-8694-80be3d3454a2"],
              characterLimit: 1000
            )
          }
        )
      }
    ),
    #"SYSTEM_SYSRULES_sectionLayout_v1"(
      label: "section",
      labelSize: "MEDIUM_PLUS",
      labelColor: "STANDARD",
      labelHeadingTag: "H2",
      isCollapsible: false,
      contents: {
        #"SYSTEM_SYSRULES_gridLayout"(
          labelPosition: "COLLAPSED",
          height: "SHORT_PLUS",
          shadeAlternateRows: true,
          headerCells: {
            #"SYSTEM_SYSRULES_gridLayoutHeaderCell"(label: "Id"),
            #"SYSTEM_SYSRULES_gridLayoutHeaderCell"(label: "Sectionid"),
            #"SYSTEM_SYSRULES_gridLayoutHeaderCell"()
          },
          columnConfigs: {
            #"SYSTEM_SYSRULES_gridLayoutColumnConfig"(width: "DISTRIBUTE"),
            #"SYSTEM_SYSRULES_gridLayoutColumnConfig"(width: "DISTRIBUTE"),
            #"SYSTEM_SYSRULES_gridLayoutColumnConfig"(width: "ICON")
          },
          rows: #"SYSTEM_SYSRULES_forEach"(
            items: ri!record[#"urn:appian:record-relationship:v1:ae2a08da-a904-4404-8208-3f9ae918ca72/2daa1f9c-9eef-4ffc-bfaf-98cfb62bcebc"],
            expression: #"SYSTEM_SYSRULES_gridRowLayout"(
              id: fv!index,
              contents: {
                #"SYSTEM_SYSRULES_integerField"(
                  readOnly: true,
                  value: fv!item[#"urn:appian:record-field:v1:4acef0cf-ee92-4474-a399-7eb80d71ee1c/6b6b1ddb-c24a-4b3e-9b7f-f5d966874aea"],
                  saveInto: fv!item[#"urn:appian:record-field:v1:4acef0cf-ee92-4474-a399-7eb80d71ee1c/6b6b1ddb-c24a-4b3e-9b7f-f5d966874aea"]
                ),
                #"SYSTEM_SYSRULES_integerField"(
                  value: fv!item[#"urn:appian:record-field:v1:4acef0cf-ee92-4474-a399-7eb80d71ee1c/e9d4d82a-d962-4ed6-9df2-4733143f0b8b"],
                  saveInto: fv!item[#"urn:appian:record-field:v1:4acef0cf-ee92-4474-a399-7eb80d71ee1c/e9d4d82a-d962-4ed6-9df2-4733143f0b8b"]
                ),
                #"SYSTEM_SYSRULES_imageField_v1"(
                  size: "ICON",
                  images: #"SYSTEM_SYSRULES_documentImage"(
                    document: #"SYSTEM_SYSRULES_iconIndicator"(icon: "REMOVE"),
                    altText: "Remove Row",
                    link: #"SYSTEM_SYSRULES_dynamicLink"(
                      value: fv!index,
                      saveInto: {
                        a!save(
                          ri!deletedSectionRecords,
                          fn!if(
                            a!isNotNullOrEmpty(ri!record[#"urn:appian:record-relationship:v1:ae2a08da-a904-4404-8208-3f9ae918ca72/2daa1f9c-9eef-4ffc-bfaf-98cfb62bcebc"][save!value][#"urn:appian:record-field:v1:4acef0cf-ee92-4474-a399-7eb80d71ee1c/6b6b1ddb-c24a-4b3e-9b7f-f5d966874aea"]),
                            append(ri!deletedSectionRecords, ri!record[#"urn:appian:record-relationship:v1:ae2a08da-a904-4404-8208-3f9ae918ca72/2daa1f9c-9eef-4ffc-bfaf-98cfb62bcebc"][save!value]),
                            ri!deletedSectionRecords
                          )
                        ),
                        a!save(
                          ri!record[#"urn:appian:record-relationship:v1:ae2a08da-a904-4404-8208-3f9ae918ca72/2daa1f9c-9eef-4ffc-bfaf-98cfb62bcebc"],
                          remove(
                            ri!record[#"urn:appian:record-relationship:v1:ae2a08da-a904-4404-8208-3f9ae918ca72/2daa1f9c-9eef-4ffc-bfaf-98cfb62bcebc"],
                            save!value
                          )
                        )
                      }
                    )
                  )
                )
              }
            )
          ),
          addRowLink: #"SYSTEM_SYSRULES_dynamicLink"(
            label: "Add Row",
            value: {
              #"urn:appian:record-relationship:v1:ae2a08da-a904-4404-8208-3f9ae918ca72/2daa1f9c-9eef-4ffc-bfaf-98cfb62bcebc": {
                #"urn:appian:record-type:v1:4acef0cf-ee92-4474-a399-7eb80d71ee1c"()
              }
            },
            saveInto: a!save(
              ri!record[#"urn:appian:record-relationship:v1:ae2a08da-a904-4404-8208-3f9ae918ca72/2daa1f9c-9eef-4ffc-bfaf-98cfb62bcebc"],
              append(
                ri!record[#"urn:appian:record-relationship:v1:ae2a08da-a904-4404-8208-3f9ae918ca72/2daa1f9c-9eef-4ffc-bfaf-98cfb62bcebc"],
                save!value
              )
            )
          )
        )
      }
    )
  },
  buttons: #"SYSTEM_SYSRULES_ButtonLayout"(
    primaryButtons: {
      #"SYSTEM_SYSRULES_buttonWidget_v1"(
        label: "Save",
        submit: true,
        validate: true,
        style: "SOLID"
      )
    },
    secondaryButtons: {
      #"SYSTEM_SYSRULES_buttonWidget_v1"(
        label: "Cancel",
        value: true,
        saveInto: ri!cancel,
        submit: true,
        style: "OUTLINE",
        validate: false
      )
    }
  )
)</definition>
        <namedTypedValue>
            <name>record</name>
            <type>
                <name>ae2a08da-a904-4404-8208-3f9ae918ca72</name>
                <namespace>urn:com:appian:recordtype:datatype</namespace>
            </type>
        </namedTypedValue>
        <namedTypedValue>
            <name>deletedSectionRecords</name>
            <type>
                <name>4acef0cf-ee92-4474-a399-7eb80d71ee1c?list</name>
                <namespace>urn:com:appian:recordtype:datatype</namespace>
            </type>
        </namedTypedValue>
        <namedTypedValue>
            <name>cancel</name>
            <type>
                <name>boolean</name>
                <namespace>http://www.w3.org/2001/XMLSchema</namespace>
            </type>
        </namedTypedValue>
        <preferredEditor>interface</preferredEditor>
        <offlineEnabled>false</offlineEnabled>
        <isCustom>false</isCustom>
    </interface>
    <roleMap public="true">
        <role inherit="true" allowForAll="false" name="readers">
            <users/>
            <groups/>
        </role>
        <role inherit="true" allowForAll="false" name="authors">
            <users/>
            <groups/>
        </role>
        <role inherit="true" allowForAll="false" name="administrators">
            <users/>
            <groups/>
        </role>
        <role inherit="false" allowForAll="false" name="denyReaders">
            <users/>
            <groups/>
        </role>
        <role inherit="false" allowForAll="false" name="denyAuthors">
            <users/>
            <groups/>
        </role>
        <role inherit="false" allowForAll="false" name="denyAdministrators">
            <users/>
            <groups/>
        </role>
    </roleMap>
    <history>
        <historyInfo versionUuid="be5e507d-b343-464d-9aa6-75b68300ab66"/>
    </history>
</contentHaul>
