<?xml version="1.0" encoding="UTF-8" standalone="yes"?>
<contentHaul xmlns:a="http://www.appian.com/ae/types/2009">
    <versionUuid>_a-0000ec29-b861-8000-9c5e-011c48011c48_2854310</versionUuid>
    <interface>
        <name>DCR_SectionSummary</name>
        <uuid>851d6285-19e5-4ac5-8d54-68925bf474f6</uuid>
        <description>The interface used for your record view</description>
        <parentUuid>ac9f0649-dc34-49a2-93c7-e4e8891c6615</parentUuid>
        <visibility>
            <advertise>false</advertise>
            <hierarchy>true</hierarchy>
            <indexable>true</indexable>
            <quota>false</quota>
            <searchable>true</searchable>
            <system>false</system>
            <unlogged>false</unlogged>
        </visibility>
        <definition>a!localVariables(
  {
  #"SYSTEM_SYSRULES_forEach"(
    items: ri!record,
    expression: {
      #"SYSTEM_SYSRULES_boxLayout"(
      label: fv!item[#"urn:appian:record-field:v1:10994667-097d-4e53-bdfd-df1b31feb67e/742ef1f8-467a-445e-ba92-87818d6ff04b"],
      style: "#ffe600",
      marginBelow: "LESS",
      marginAbove: "LESS",   
      contents: {
        #"SYSTEM_SYSRULES_columnsLayout"(
          columns: {
            #"SYSTEM_SYSRULES_columnLayout"(
              contents: {
                a!localVariables(
                  local!section: fv!item,
                  {
                    #"SYSTEM_SYSRULES_forEach"(
                      items: a!flatten(
                        local!section[#"urn:appian:record-relationship:v1:10994667-097d-4e53-bdfd-df1b31feb67e/df4ff395-ccd7-420f-b22a-29765c22fbf7"]
                      ),
                      expression: {
                        if(
                          fv!item[#"urn:appian:record-field:v1:739d2f58-c68e-46c8-aef1-6cc371d4a58d/ee1755d8-9b4c-4bc1-b99d-5a3f82470c98/553ff64e-ea2f-478e-9c4f-b34a65e42e52"] = "Text",
                          #"SYSTEM_SYSRULES_textField"(
                            label: fv!item[#"urn:appian:record-field:v1:739d2f58-c68e-46c8-aef1-6cc371d4a58d/ee1755d8-9b4c-4bc1-b99d-5a3f82470c98/4fbceca6-00e1-46f4-bc99-8728f7f0aaaa"],
                            labelPosition: "ADJACENT",
                            disabled: true
                          ),
                          if(
                            fv!item[#"urn:appian:record-field:v1:739d2f58-c68e-46c8-aef1-6cc371d4a58d/ee1755d8-9b4c-4bc1-b99d-5a3f82470c98/553ff64e-ea2f-478e-9c4f-b34a65e42e52"] = "radio",
                            #"SYSTEM_SYSRULES_radioButtonField_v1"(
                              labelPosition: "ADJACENT",
                              disabled: true,
                              label: fv!item[#"urn:appian:record-field:v1:739d2f58-c68e-46c8-aef1-6cc371d4a58d/ee1755d8-9b4c-4bc1-b99d-5a3f82470c98/4fbceca6-00e1-46f4-bc99-8728f7f0aaaa"],
                              choiceLabels: {
                                fv!item[#"urn:appian:record-field:v1:739d2f58-c68e-46c8-aef1-6cc371d4a58d/ee1755d8-9b4c-4bc1-b99d-5a3f82470c98/8d23b946-9edd-4639-8cde-27cd2685fbce"],
                                fv!item[#"urn:appian:record-field:v1:739d2f58-c68e-46c8-aef1-6cc371d4a58d/ee1755d8-9b4c-4bc1-b99d-5a3f82470c98/eaee58ea-e703-4c04-bcd4-aafcba5e1dd7"]
                              },
                              choiceValues: {
                                fv!item[#"urn:appian:record-field:v1:739d2f58-c68e-46c8-aef1-6cc371d4a58d/ee1755d8-9b4c-4bc1-b99d-5a3f82470c98/8d23b946-9edd-4639-8cde-27cd2685fbce"],
                                fv!item[#"urn:appian:record-field:v1:739d2f58-c68e-46c8-aef1-6cc371d4a58d/ee1755d8-9b4c-4bc1-b99d-5a3f82470c98/eaee58ea-e703-4c04-bcd4-aafcba5e1dd7"]
                              }
                            ),
                            if(
                              fv!item[#"urn:appian:record-field:v1:739d2f58-c68e-46c8-aef1-6cc371d4a58d/ee1755d8-9b4c-4bc1-b99d-5a3f82470c98/553ff64e-ea2f-478e-9c4f-b34a65e42e52"] = "date",
                              #"SYSTEM_SYSRULES_dateField"(
                                label: fv!item[#"urn:appian:record-field:v1:739d2f58-c68e-46c8-aef1-6cc371d4a58d/ee1755d8-9b4c-4bc1-b99d-5a3f82470c98/4fbceca6-00e1-46f4-bc99-8728f7f0aaaa"],
                                labelPosition: "ADJACENT",
                                disabled: true
                              ),
                              #"SYSTEM_SYSRULES_textField"(
                                label: fv!item[#"urn:appian:record-field:v1:739d2f58-c68e-46c8-aef1-6cc371d4a58d/ee1755d8-9b4c-4bc1-b99d-5a3f82470c98/4fbceca6-00e1-46f4-bc99-8728f7f0aaaa"],
                                labelPosition: "ADJACENT",
                                disabled: true
                              )
                            )
                          )
                        )
                      }
                    )
                  }
                )
              }
            ),
            #"SYSTEM_SYSRULES_columnLayout"()
          }
        )
      
      }
    ),
    #"SYSTEM_SYSRULES_ButtonLayout"(
      secondaryButtons: {
        #"SYSTEM_SYSRULES_buttonWidget_v1"(
          label: "Cancel",
          submit: true
        )
      }
    )
    }
  )
  }
  )
</definition>
        <namedTypedValue>
            <name>record</name>
            <type>
                <name>10994667-097d-4e53-bdfd-df1b31feb67e</name>
                <namespace>urn:com:appian:recordtype:datatype</namespace>
            </type>
        </namedTypedValue>
        <preferredEditor>interface</preferredEditor>
        <offlineEnabled>false</offlineEnabled>
        <isCustom>false</isCustom>
    </interface>
    <roleMap public="true">
        <role inherit="true" allowForAll="false" name="readers">
            <users/>
            <groups/>
        </role>
        <role inherit="true" allowForAll="false" name="authors">
            <users/>
            <groups/>
        </role>
        <role inherit="true" allowForAll="false" name="administrators">
            <users/>
            <groups/>
        </role>
        <role inherit="false" allowForAll="false" name="denyReaders">
            <users/>
            <groups/>
        </role>
        <role inherit="false" allowForAll="false" name="denyAuthors">
            <users/>
            <groups/>
        </role>
        <role inherit="false" allowForAll="false" name="denyAdministrators">
            <users/>
            <groups/>
        </role>
    </roleMap>
    <typedValue>
        <type>
            <name>RuleTestConfig?list</name>
            <namespace>http://www.appian.com/ae/types/2009</namespace>
        </type>
        <value>
            <el>
                <a:name/>
                <a:ruleInputTestConfigs>
                    <a:value xmlns:xsi="http://www.w3.org/2001/XMLSchema-instance" xsi:type="a:Expression">#"SYSTEM_SYSRULES_queryRecordType_v1"(
  recordType: #"urn:appian:record-type:v1:10994667-097d-4e53-bdfd-df1b31feb67e",
  fields: {},
  pagingInfo: #"SYSTEM_SYSRULES_pagingInfo"(
    startIndex: 1,
    batchSize: 1
  )
).data</a:value>
                    <a:nameRef>record</a:nameRef>
                    <a:id>1</a:id>
                </a:ruleInputTestConfigs>
                <a:assertions xmlns:xsi="http://www.w3.org/2001/XMLSchema-instance" xsi:nil="true"/>
            </el>
        </value>
    </typedValue>
    <history>
        <historyInfo versionUuid="ab3425d0-ca45-4c2a-85fe-1d640944066a"/>
        <historyInfo versionUuid="_a-0000ec29-b861-8000-9c5e-011c48011c48_2854310"/>
    </history>
</contentHaul>
