<?xml version="1.0" encoding="UTF-8" standalone="yes"?>
<contentHaul xmlns:a="http://www.appian.com/ae/types/2009">
    <versionUuid>a3c98eaf-b37a-4102-aa50-3413ebf5c754</versionUuid>
    <communityKnowledgeCenter>
        <name>DCR Knowledge Center</name>
        <uuid>8b58fc72-ed17-4da5-a72b-40212c93598f</uuid>
        <description>Stores document folders and files for the application</description>
        <parentUuid>SYSTEM_COMMUNITY_ROOT</parentUuid>
        <visibility>
            <advertise>false</advertise>
            <hierarchy>true</hierarchy>
            <indexable>true</indexable>
            <quota>false</quota>
            <searchable>true</searchable>
            <system>false</system>
            <unlogged>false</unlogged>
        </visibility>
        <expirationDays>0</expirationDays>
    </communityKnowledgeCenter>
    <roleMap public="true">
        <role inherit="false" allowForAll="false" name="readers">
            <users/>
            <groups>
                <groupUuid>10c7e6df-ddd8-4267-ab03-272a3cb241df</groupUuid>
            </groups>
        </role>
        <role inherit="false" allowForAll="false" name="authors">
            <users/>
            <groups/>
        </role>
        <role inherit="false" allowForAll="false" name="administrators">
            <users/>
            <groups>
                <groupUuid>839b8276-38ad-49d7-96b6-3775afc2f7c1</groupUuid>
            </groups>
        </role>
        <role inherit="false" allowForAll="false" name="denyReaders">
            <users/>
            <groups/>
        </role>
        <role inherit="false" allowForAll="false" name="denyAuthors">
            <users/>
            <groups/>
        </role>
        <role inherit="false" allowForAll="false" name="denyAdministrators">
            <users/>
            <groups/>
        </role>
    </roleMap>
    <history>
        <historyInfo versionUuid="a3c98eaf-b37a-4102-aa50-3413ebf5c754"/>
    </history>
</contentHaul>
