<?xml version="1.0" encoding="UTF-8" standalone="yes"?>
<contentHaul xmlns:a="http://www.appian.com/ae/types/2009">
    <versionUuid>ae773a4a-9d80-4f25-b656-78e2047ace4b</versionUuid>
    <interface>
        <name>DCR_DeleteTemplate</name>
        <uuid>9654e1f1-b322-47ab-aa5a-dea13cf41adc</uuid>
        <description>Form interface for confirming the deletion of a record</description>
        <parentUuid>ac9f0649-dc34-49a2-93c7-e4e8891c6615</parentUuid>
        <visibility>
            <advertise>false</advertise>
            <hierarchy>true</hierarchy>
            <indexable>true</indexable>
            <quota>false</quota>
            <searchable>true</searchable>
            <system>false</system>
            <unlogged>false</unlogged>
        </visibility>
        <definition>#"SYSTEM_SYSRULES_formLayout_v1"(
  label: "Delete Template",
  contents: {
    #"SYSTEM_SYSRULES_paragraphField"(
      labelPosition: "COLLAPSED",
      readOnly: true,
      value: "Submitting this form will delete your record. The data will no longer exist."
    )
  },
  buttons: #"SYSTEM_SYSRULES_ButtonLayout"(
    primaryButtons: {
      #"SYSTEM_SYSRULES_buttonWidget_v1"(
        label: "Delete",
        submit: true,
        color: "NEGATIVE",
        style: "GHOST"
      )
    },
    secondaryButtons: {
      #"SYSTEM_SYSRULES_buttonWidget_v1"(
        label: "Cancel",
        style: "OUTLINE",
        value: true,
        submit: true,
        saveInto: ri!cancel,
        validate: false
      )
    }
  )
)
</definition>
        <namedTypedValue>
            <name>cancel</name>
            <type>
                <name>boolean</name>
                <namespace>http://www.w3.org/2001/XMLSchema</namespace>
            </type>
        </namedTypedValue>
        <preferredEditor>interface</preferredEditor>
        <offlineEnabled>false</offlineEnabled>
        <isCustom>false</isCustom>
    </interface>
    <roleMap public="true">
        <role inherit="true" allowForAll="false" name="readers">
            <users/>
            <groups/>
        </role>
        <role inherit="true" allowForAll="false" name="authors">
            <users/>
            <groups/>
        </role>
        <role inherit="true" allowForAll="false" name="administrators">
            <users/>
            <groups/>
        </role>
        <role inherit="false" allowForAll="false" name="denyReaders">
            <users/>
            <groups/>
        </role>
        <role inherit="false" allowForAll="false" name="denyAuthors">
            <users/>
            <groups/>
        </role>
        <role inherit="false" allowForAll="false" name="denyAdministrators">
            <users/>
            <groups/>
        </role>
    </roleMap>
    <history>
        <historyInfo versionUuid="ae773a4a-9d80-4f25-b656-78e2047ace4b"/>
    </history>
</contentHaul>
