<?xml version="1.0" encoding="UTF-8" standalone="yes"?>
<contentHaul xmlns:a="http://www.appian.com/ae/types/2009">
    <versionUuid>_a-0000ec29-b861-8000-9c5e-011c48011c48_2854238</versionUuid>
    <interface>
        <name>DCR_createUI</name>
        <uuid>_a-0000ec29-b861-8000-9c5e-011c48011c48_2841399</uuid>
        <description></description>
        <parentUuid>ac9f0649-dc34-49a2-93c7-e4e8891c6615</parentUuid>
        <visibility>
            <advertise>false</advertise>
            <hierarchy>true</hierarchy>
            <indexable>true</indexable>
            <quota>false</quota>
            <searchable>true</searchable>
            <system>false</system>
            <unlogged>false</unlogged>
        </visibility>
        <definition>a!localVariables(
  local!question,
  local!dcrQuestion,
  local!newQuestion,
  local!sectionId,
  local!questionSectionMapping,
  local!refresh,
  local!templateDetails: a!refreshVariable(
    value: #"_a-0000ec29-b861-8000-9c5e-011c48011c48_2841801"(
      id: ri!templateId,
      fields: {
        #"urn:appian:record-relationship:v1:ae2a08da-a904-4404-8208-3f9ae918ca72/2daa1f9c-9eef-4ffc-bfaf-98cfb62bcebc/7ad72e1a-899d-4690-af55-b5055294fd9a",
        #"urn:appian:record-relationship:v1:ae2a08da-a904-4404-8208-3f9ae918ca72/2daa1f9c-9eef-4ffc-bfaf-98cfb62bcebc/7ad72e1a-899d-4690-af55-b5055294fd9a/df4ff395-ccd7-420f-b22a-29765c22fbf7/ee1755d8-9b4c-4bc1-b99d-5a3f82470c98"
      }
    ),
    refreshOnVarChange: local!refresh
  ),
  local!sectionDetails: index(
    local!templateDetails,
    #"urn:appian:record-relationship:v1:ae2a08da-a904-4404-8208-3f9ae918ca72/2daa1f9c-9eef-4ffc-bfaf-98cfb62bcebc/7ad72e1a-899d-4690-af55-b5055294fd9a",
    null
  ),
  #"SYSTEM_SYSRULES_forEach"(
    items: local!sectionDetails,
    expression: #"SYSTEM_SYSRULES_boxLayout"(
      marginBelow: "LESS",
      label: fv!item[#"urn:appian:record-field:v1:10994667-097d-4e53-bdfd-df1b31feb67e/742ef1f8-467a-445e-ba92-87818d6ff04b"],
      contents: {
        a!localVariables(
          local!section: fv!item,
          {
            #"SYSTEM_SYSRULES_forEach"(
              items: a!flatten(
                local!section[#"urn:appian:record-relationship:v1:10994667-097d-4e53-bdfd-df1b31feb67e/df4ff395-ccd7-420f-b22a-29765c22fbf7"]
              ),
              expression: {
                if(
                  fv!item[#"urn:appian:record-field:v1:739d2f58-c68e-46c8-aef1-6cc371d4a58d/ee1755d8-9b4c-4bc1-b99d-5a3f82470c98/553ff64e-ea2f-478e-9c4f-b34a65e42e52"] = "Text",
                  #"SYSTEM_SYSRULES_textField"(
                    label: fv!item[#"urn:appian:record-field:v1:739d2f58-c68e-46c8-aef1-6cc371d4a58d/ee1755d8-9b4c-4bc1-b99d-5a3f82470c98/4fbceca6-00e1-46f4-bc99-8728f7f0aaaa"],
                    labelPosition: "ADJACENT"
                  ),
                  if(
                    fv!item[#"urn:appian:record-field:v1:739d2f58-c68e-46c8-aef1-6cc371d4a58d/ee1755d8-9b4c-4bc1-b99d-5a3f82470c98/553ff64e-ea2f-478e-9c4f-b34a65e42e52"] = "radio",
                    #"SYSTEM_SYSRULES_radioButtonField_v1"(
                      labelPosition: "ADJACENT",
                      label: fv!item[#"urn:appian:record-field:v1:739d2f58-c68e-46c8-aef1-6cc371d4a58d/ee1755d8-9b4c-4bc1-b99d-5a3f82470c98/4fbceca6-00e1-46f4-bc99-8728f7f0aaaa"],
                      choiceLabels: {
                        fv!item[#"urn:appian:record-field:v1:739d2f58-c68e-46c8-aef1-6cc371d4a58d/ee1755d8-9b4c-4bc1-b99d-5a3f82470c98/8d23b946-9edd-4639-8cde-27cd2685fbce"],
                        fv!item[#"urn:appian:record-field:v1:739d2f58-c68e-46c8-aef1-6cc371d4a58d/ee1755d8-9b4c-4bc1-b99d-5a3f82470c98/eaee58ea-e703-4c04-bcd4-aafcba5e1dd7"]
                      },
                      choiceValues: {
                        fv!item[#"urn:appian:record-field:v1:739d2f58-c68e-46c8-aef1-6cc371d4a58d/ee1755d8-9b4c-4bc1-b99d-5a3f82470c98/8d23b946-9edd-4639-8cde-27cd2685fbce"],
                        fv!item[#"urn:appian:record-field:v1:739d2f58-c68e-46c8-aef1-6cc371d4a58d/ee1755d8-9b4c-4bc1-b99d-5a3f82470c98/eaee58ea-e703-4c04-bcd4-aafcba5e1dd7"]
                      },
                      
                    ),
                    if(
                      fv!item[#"urn:appian:record-field:v1:739d2f58-c68e-46c8-aef1-6cc371d4a58d/ee1755d8-9b4c-4bc1-b99d-5a3f82470c98/553ff64e-ea2f-478e-9c4f-b34a65e42e52"] = "date",
                      #"SYSTEM_SYSRULES_dateField"(
                        label: fv!item[#"urn:appian:record-field:v1:739d2f58-c68e-46c8-aef1-6cc371d4a58d/ee1755d8-9b4c-4bc1-b99d-5a3f82470c98/4fbceca6-00e1-46f4-bc99-8728f7f0aaaa"],
                        labelPosition: "ADJACENT"
                      ),
                      #"SYSTEM_SYSRULES_textField"(
                        label: fv!item[#"urn:appian:record-field:v1:739d2f58-c68e-46c8-aef1-6cc371d4a58d/ee1755d8-9b4c-4bc1-b99d-5a3f82470c98/4fbceca6-00e1-46f4-bc99-8728f7f0aaaa"],
                        labelPosition: "ADJACENT"
                      )
                    ),
                    
                  )
                )
              }
            ),
            #"SYSTEM_SYSRULES_linkField"(
              links: #"SYSTEM_SYSRULES_dynamicLink"(
                label: "Add New Question",
                value: true,
                saveInto: { local!question }
              )
            ),
            #"SYSTEM_SYSRULES_sideBySideLayout"(
              showWhen: local!question,
              items: {
                #"SYSTEM_SYSRULES_sideBySideItem"(
                  item: #"SYSTEM_SYSRULES_textField"(
                    label: "Enter new Question",
                    value: local!newQuestion,
                    saveInto: local!newQuestion
                  )
                ),
                #"SYSTEM_SYSRULES_sideBySideItem"(
                  item: #"SYSTEM_SYSRULES_richTextDisplayField"(
                    labelPosition: "ABOVE",
                    value: {
                      char(9),
                      char(13),
                      #"SYSTEM_SYSRULES_richTextIcon"(
                        icon: "check",
                        color: "ACCENT",
                        link: #"SYSTEM_SYSRULES_dynamicLink"(
                          saveInto: {
                            a!save(
                              local!dcrQuestion,
                              #"urn:appian:record-type:v1:e9fff480-6a64-4e41-9e96-812edab301b7"(
                                #"urn:appian:record-field:v1:e9fff480-6a64-4e41-9e96-812edab301b7/4fbceca6-00e1-46f4-bc99-8728f7f0aaaa": local!newQuestion,
                                #"urn:appian:record-field:v1:e9fff480-6a64-4e41-9e96-812edab301b7/553ff64e-ea2f-478e-9c4f-b34a65e42e52": "Text",
                                #"urn:appian:record-field:v1:e9fff480-6a64-4e41-9e96-812edab301b7/d3f3f425-cd47-4b18-a5e4-fb636af7ad3a": 1
                              )
                            ),
                            a!save(
                              local!sectionId,
                              tointeger(
                                local!section[#"urn:appian:record-field:v1:10994667-097d-4e53-bdfd-df1b31feb67e/7919fb4d-560f-4cfa-83b9-7987cdddbdfd"][1]
                              )
                            ),
                            a!save(
                              local!questionSectionMapping,
                              #"urn:appian:record-type:v1:739d2f58-c68e-46c8-aef1-6cc371d4a58d"(
                                #"urn:appian:record-field:v1:739d2f58-c68e-46c8-aef1-6cc371d4a58d/cd96dc7d-03f7-474f-832b-83b6d9783be6": local!sectionId
                              )
                            ),
                            #"SYSTEM_SYSRULES_startProcess"(
                              processModel: #"_a-0000ec29-b861-8000-9c5e-011c48011c48_2847517",
                              processParameters: {
                                dcrQuestions: local!dcrQuestion,
                                dcrQuestionSectionMapping: local!questionSectionMapping
                              },
                              onSuccess: {
                                a!save(local!refresh, rand()),
                                a!save(local!question, false()),
                                a!save(local!newQuestion, null)
                              }
                            )
                          }
                        )
                      )
                    }
                  )
                )
              }
            )
          }
        ),
        
      }
    )
  )
)</definition>
        <namedTypedValue>
            <name>templateId</name>
            <type>
                <name>int</name>
                <namespace>http://www.w3.org/2001/XMLSchema</namespace>
            </type>
        </namedTypedValue>
        <preferredEditor>interface</preferredEditor>
        <offlineEnabled>false</offlineEnabled>
        <isCustom>false</isCustom>
    </interface>
    <roleMap public="true">
        <role inherit="true" allowForAll="false" name="readers">
            <users/>
            <groups/>
        </role>
        <role inherit="true" allowForAll="false" name="authors">
            <users/>
            <groups/>
        </role>
        <role inherit="true" allowForAll="false" name="administrators">
            <users/>
            <groups/>
        </role>
        <role inherit="false" allowForAll="false" name="denyReaders">
            <users/>
            <groups/>
        </role>
        <role inherit="false" allowForAll="false" name="denyAuthors">
            <users/>
            <groups/>
        </role>
        <role inherit="false" allowForAll="false" name="denyAdministrators">
            <users/>
            <groups/>
        </role>
    </roleMap>
    <typedValue>
        <type>
            <name>RuleTestConfig?list</name>
            <namespace>http://www.appian.com/ae/types/2009</namespace>
        </type>
        <value>
            <el>
                <a:name/>
                <a:ruleInputTestConfigs>
                    <a:value xmlns:xsd="http://www.w3.org/2001/XMLSchema" xmlns:xsi="http://www.w3.org/2001/XMLSchema-instance" xsi:type="xsd:int">1</a:value>
                    <a:nameRef>templateId</a:nameRef>
                    <a:id>1</a:id>
                </a:ruleInputTestConfigs>
                <a:assertions xmlns:xsi="http://www.w3.org/2001/XMLSchema-instance" xsi:nil="true"/>
            </el>
        </value>
    </typedValue>
    <history>
        <historyInfo versionUuid="_a-0000ec29-b861-8000-9c5e-011c48011c48_2854238"/>
    </history>
</contentHaul>
