<?xml version="1.0" encoding="UTF-8" standalone="yes"?>
<contentHaul xmlns:a="http://www.appian.com/ae/types/2009">
    <versionUuid>_a-0000ec29-b861-8000-9c5e-011c48011c48_2854703</versionUuid>
    <interface>
        <name>DCR_CreateOrUpdateSection</name>
        <uuid>_a-0000ec29-b861-8000-9c5e-011c48011c48_2851429</uuid>
        <description>Interface to Add New Section with Questions</description>
        <parentUuid>ac9f0649-dc34-49a2-93c7-e4e8891c6615</parentUuid>
        <visibility>
            <advertise>false</advertise>
            <hierarchy>true</hierarchy>
            <indexable>true</indexable>
            <quota>false</quota>
            <searchable>true</searchable>
            <system>false</system>
            <unlogged>false</unlogged>
        </visibility>
        <definition>a!localVariables(
  local!dcrSectionQuestionMapping:if(
    ri!isUpdate,
  #"SYSTEM_SYSRULES_queryRecordType_v1"(
    recordType: #"urn:appian:record-type:v1:739d2f58-c68e-46c8-aef1-6cc371d4a58d",
    filters: #"SYSTEM_SYSRULES_queryFilter"(
      field: #"urn:appian:record-field:v1:739d2f58-c68e-46c8-aef1-6cc371d4a58d/cd96dc7d-03f7-474f-832b-83b6d9783be6",
      operator: "=",
      value: ri!dcrSection[#"urn:appian:record-field:v1:10994667-097d-4e53-bdfd-df1b31feb67e/7919fb4d-560f-4cfa-83b9-7987cdddbdfd"],
      applyWhen: a!isNotNullOrEmpty(ri!dcrSection[#"urn:appian:record-field:v1:10994667-097d-4e53-bdfd-df1b31feb67e/7919fb4d-560f-4cfa-83b9-7987cdddbdfd"])
    ),
    pagingInfo: #"SYSTEM_SYSRULES_pagingInfo"(
      1,
      1000
    )
  ).data,
  {}
  ),
  local!dcrQuestionToSection:if(
    ri!isUpdate,
    local!dcrSectionQuestionMapping[#"urn:appian:record-field:v1:739d2f58-c68e-46c8-aef1-6cc371d4a58d/b462141d-bcfa-498e-9c93-b6865c115096"],
    {}
  ),
  local!previewSection,
  local!dcrQuestion:#"SYSTEM_SYSRULES_queryRecordType_v1"(
  recordType: #"urn:appian:record-type:v1:e9fff480-6a64-4e41-9e96-812edab301b7",
  pagingInfo: #"SYSTEM_SYSRULES_pagingInfo"(
    1,
    1000
  )
  ).data,
  #"SYSTEM_SYSRULES_formLayout_v1"(
    label: " ",
    contents: {
      #"SYSTEM_SYSRULES_boxLayout"(
        label: if(
          ri!isUpdate,
          "Update Section - "&amp;ri!dcrSection[#"urn:appian:record-field:v1:10994667-097d-4e53-bdfd-df1b31feb67e/742ef1f8-467a-445e-ba92-87818d6ff04b"],
          "Create Section"
        ),
        style: "#ffe600",
        isCollapsible: true,
        contents: {
          #"SYSTEM_SYSRULES_columnsLayout"(
            columns: {
              #"SYSTEM_SYSRULES_columnLayout"(
                contents: {
                  #"SYSTEM_SYSRULES_textField"(
                    label:"Name",
                    required: true,
                    value: ri!dcrSection[#"urn:appian:record-field:v1:10994667-097d-4e53-bdfd-df1b31feb67e/742ef1f8-467a-445e-ba92-87818d6ff04b"],
                    saveInto:  ri!dcrSection[#"urn:appian:record-field:v1:10994667-097d-4e53-bdfd-df1b31feb67e/742ef1f8-467a-445e-ba92-87818d6ff04b"]
                  ),
                  #"SYSTEM_SYSRULES_multipleDropdownField_v1"(
                    label:"Add Questions To Section",
                    placeholder: "Select",
                    data: #"urn:appian:record-type:v1:e9fff480-6a64-4e41-9e96-812edab301b7",
                    choiceLabels: #"urn:appian:record-field:v1:e9fff480-6a64-4e41-9e96-812edab301b7/4fbceca6-00e1-46f4-bc99-8728f7f0aaaa",
                    choiceValues: #"urn:appian:record-field:v1:e9fff480-6a64-4e41-9e96-812edab301b7/d2ac40b0-438a-446c-bfd3-d610ead17607",
                    value:local!dcrQuestionToSection,
                    saveInto: local!dcrQuestionToSection
                  ),
                  #"SYSTEM_SYSRULES_richTextDisplayField"(
                    label: "Questions Selected",
                    value:{
                      #"SYSTEM_SYSRULES_richTextBulletedList"(
                        items: {
                          index(
                            local!dcrQuestion[#"urn:appian:record-field:v1:e9fff480-6a64-4e41-9e96-812edab301b7/4fbceca6-00e1-46f4-bc99-8728f7f0aaaa"],
                            wherecontains(
                              tointeger(local!dcrQuestionToSection),
                              tointeger(local!dcrQuestion[#"urn:appian:record-field:v1:e9fff480-6a64-4e41-9e96-812edab301b7/d2ac40b0-438a-446c-bfd3-d610ead17607"])
                            ),
                            {}
                          )
                        }
                      )
                    }
                  )
                }
              ),
              #"SYSTEM_SYSRULES_columnLayout"(
                contents: {
                  #"SYSTEM_SYSRULES_paragraphField"(
                    label: "Description",
                    value:  ri!dcrSection[#"urn:appian:record-field:v1:10994667-097d-4e53-bdfd-df1b31feb67e/126124bb-32f4-40fb-a4b6-921bb9c51ee5"],
                    saveInto:  ri!dcrSection[#"urn:appian:record-field:v1:10994667-097d-4e53-bdfd-df1b31feb67e/126124bb-32f4-40fb-a4b6-921bb9c51ee5"]
                  )
                }
              )
            }
          )
        }
      ),
      #"SYSTEM_SYSRULES_columnsLayout"(
        showWhen: toboolean(local!previewSection)=true,
        columns: {
          #"SYSTEM_SYSRULES_columnLayout"(
            contents: {
              #"SYSTEM_SYSRULES_boxLayout"(
                marginAbove: "STANDARD",
                label: ri!dcrSection[#"urn:appian:record-field:v1:10994667-097d-4e53-bdfd-df1b31feb67e/742ef1f8-467a-445e-ba92-87818d6ff04b"],
                style: "#ffe600",
                contents: {
                  #"SYSTEM_SYSRULES_columnsLayout"(
                    columns: {
                      #"SYSTEM_SYSRULES_columnLayout"(
                        contents: {
                          a!localVariables(
                            local!questions: index(
                              local!dcrQuestion,
                              wherecontains(
                                tointeger(local!dcrQuestionToSection),
                                tointeger(local!dcrQuestion[#"urn:appian:record-field:v1:e9fff480-6a64-4e41-9e96-812edab301b7/d2ac40b0-438a-446c-bfd3-d610ead17607"])
                              ),
                              {}
                            ),
                            #"SYSTEM_SYSRULES_forEach"(
                              items: local!questions,
                              expression: {
                                if(
                                  fv!item[#"urn:appian:record-field:v1:e9fff480-6a64-4e41-9e96-812edab301b7/553ff64e-ea2f-478e-9c4f-b34a65e42e52"] = "Text",
                                  #"SYSTEM_SYSRULES_textField"(
                                    label: fv!item[#"urn:appian:record-field:v1:e9fff480-6a64-4e41-9e96-812edab301b7/4fbceca6-00e1-46f4-bc99-8728f7f0aaaa"],
                                    labelPosition: "ADJACENT",
                                    disabled: true
                                  ),
                                  if(
                                    fv!item[#"urn:appian:record-field:v1:e9fff480-6a64-4e41-9e96-812edab301b7/553ff64e-ea2f-478e-9c4f-b34a65e42e52"] = "radio",
                                    #"SYSTEM_SYSRULES_radioButtonField_v1"(
                                      label: fv!item[#"urn:appian:record-field:v1:e9fff480-6a64-4e41-9e96-812edab301b7/4fbceca6-00e1-46f4-bc99-8728f7f0aaaa"],
                                      labelPosition: "ADJACENT",
                                      choiceLabels: {
                                        fv!item[#"urn:appian:record-field:v1:e9fff480-6a64-4e41-9e96-812edab301b7/8d23b946-9edd-4639-8cde-27cd2685fbce"],
                                        fv!item[#"urn:appian:record-field:v1:e9fff480-6a64-4e41-9e96-812edab301b7/eaee58ea-e703-4c04-bcd4-aafcba5e1dd7"]
                                      },
                                      choiceValues: {
                                        fv!item[#"urn:appian:record-field:v1:e9fff480-6a64-4e41-9e96-812edab301b7/8d23b946-9edd-4639-8cde-27cd2685fbce"],
                                        fv!item[#"urn:appian:record-field:v1:e9fff480-6a64-4e41-9e96-812edab301b7/eaee58ea-e703-4c04-bcd4-aafcba5e1dd7"]
                                      },
                                      disabled: true()
                                    ),
                                    if(
                                      fv!item[#"urn:appian:record-field:v1:e9fff480-6a64-4e41-9e96-812edab301b7/553ff64e-ea2f-478e-9c4f-b34a65e42e52"] = "date",
                                      #"SYSTEM_SYSRULES_dateField"(
                                        label: fv!item[#"urn:appian:record-field:v1:e9fff480-6a64-4e41-9e96-812edab301b7/4fbceca6-00e1-46f4-bc99-8728f7f0aaaa"],
                                        labelPosition: "ADJACENT",
                                        disabled: true
                                      ),
                                      if(
                                        fv!item[#"urn:appian:record-field:v1:e9fff480-6a64-4e41-9e96-812edab301b7/553ff64e-ea2f-478e-9c4f-b34a65e42e52"] = "Number",
                                        #"SYSTEM_SYSRULES_textField"(
                                          label: fv!item[#"urn:appian:record-field:v1:e9fff480-6a64-4e41-9e96-812edab301b7/4fbceca6-00e1-46f4-bc99-8728f7f0aaaa"],
                                          labelPosition: "ADJACENT",
                                          disabled: true
                                        ),
                                        {}
                                      )
                                    )
                                  )
                                )
                              }
                            )
                          )
                        }
                      ),
                      #"SYSTEM_SYSRULES_columnLayout"()
                    }
                  )

                }
              )              
            }
          )
        }
      )
    },
    buttons: #"SYSTEM_SYSRULES_ButtonLayout"(
      primaryButtons: {
        #"SYSTEM_SYSRULES_buttonWidget_v1"(
          label:"Preview",
          submit: false,
          value: "Preview",
          saveInto: {
            a!save(
              local!previewSection,
              true
            )
          }
        ),
        #"SYSTEM_SYSRULES_buttonWidget_v1"(
          label: "Submit",
          submit: true,
          style: "SOLID",
          saveInto: {
            a!save(
              ri!dcrSection[#"urn:appian:record-relationship:v1:10994667-097d-4e53-bdfd-df1b31feb67e/df4ff395-ccd7-420f-b22a-29765c22fbf7"],
              #"SYSTEM_SYSRULES_forEach"(
                items: local!dcrQuestionToSection,
                expression: #"urn:appian:record-type:v1:739d2f58-c68e-46c8-aef1-6cc371d4a58d"(
                  #"urn:appian:record-field:v1:739d2f58-c68e-46c8-aef1-6cc371d4a58d/b462141d-bcfa-498e-9c93-b6865c115096":fv!item,
                  #"urn:appian:record-field:v1:739d2f58-c68e-46c8-aef1-6cc371d4a58d/cd96dc7d-03f7-474f-832b-83b6d9783be6":ri!dcrSection[#"urn:appian:record-field:v1:10994667-097d-4e53-bdfd-df1b31feb67e/7919fb4d-560f-4cfa-83b9-7987cdddbdfd"]
                )
              )
            ),
            a!save(
              ri!dcrSectionQuestionMapping,
              local!dcrSectionQuestionMapping
            )
          }
        )
      },
      secondaryButtons: {
        #"SYSTEM_SYSRULES_buttonWidget_v1"(
          label: "Cancel",
          value: "Cancel",
          saveInto: ri!button_txt,
          submit: true,
          validate: false
        )
      }
    )
  )
)</definition>
        <namedTypedValue>
            <name>dcrSection</name>
            <type>
                <name>10994667-097d-4e53-bdfd-df1b31feb67e</name>
                <namespace>urn:com:appian:recordtype:datatype</namespace>
            </type>
        </namedTypedValue>
        <namedTypedValue>
            <name>button_txt</name>
            <type>
                <name>string</name>
                <namespace>http://www.w3.org/2001/XMLSchema</namespace>
            </type>
            <value/>
        </namedTypedValue>
        <namedTypedValue>
            <name>isUpdate</name>
            <type>
                <name>boolean</name>
                <namespace>http://www.w3.org/2001/XMLSchema</namespace>
            </type>
        </namedTypedValue>
        <namedTypedValue>
            <name>dcrSectionQuestionMapping</name>
            <type>
                <name>739d2f58-c68e-46c8-aef1-6cc371d4a58d?list</name>
                <namespace>urn:com:appian:recordtype:datatype</namespace>
            </type>
        </namedTypedValue>
        <preferredEditor>interface</preferredEditor>
        <offlineEnabled>false</offlineEnabled>
        <isCustom>false</isCustom>
    </interface>
    <roleMap public="true">
        <role inherit="true" allowForAll="false" name="readers">
            <users/>
            <groups/>
        </role>
        <role inherit="true" allowForAll="false" name="authors">
            <users/>
            <groups/>
        </role>
        <role inherit="true" allowForAll="false" name="administrators">
            <users/>
            <groups/>
        </role>
        <role inherit="false" allowForAll="false" name="denyReaders">
            <users/>
            <groups/>
        </role>
        <role inherit="false" allowForAll="false" name="denyAuthors">
            <users/>
            <groups/>
        </role>
        <role inherit="false" allowForAll="false" name="denyAdministrators">
            <users/>
            <groups/>
        </role>
    </roleMap>
    <history>
        <historyInfo versionUuid="_a-0000ec29-b861-8000-9c5e-011c48011c48_2854703"/>
    </history>
</contentHaul>
