<?xml version="1.0" encoding="UTF-8" standalone="yes"?>
<contentHaul xmlns:a="http://www.appian.com/ae/types/2009">
    <versionUuid>_a-0000ec29-b861-8000-9c5e-011c48011c48_2844594</versionUuid>
    <interface>
        <name>DCR_FormDDQ</name>
        <uuid>_a-0000ec29-b861-8000-9c5e-011c48011c48_2844545</uuid>
        <description></description>
        <parentUuid>ac9f0649-dc34-49a2-93c7-e4e8891c6615</parentUuid>
        <visibility>
            <advertise>false</advertise>
            <hierarchy>true</hierarchy>
            <indexable>true</indexable>
            <quota>false</quota>
            <searchable>true</searchable>
            <system>false</system>
            <unlogged>false</unlogged>
        </visibility>
        <definition>#"SYSTEM_SYSRULES_formLayout_v1"(
  label: "Initial New DDQ",
  contents: {
    #"SYSTEM_SYSRULES_textField"(
      label: "Name",
      labelPosition: "ABOVE",
      saveInto: {},
      refreshAfter: "UNFOCUS",
      validations: {}
    ),
    #"SYSTEM_SYSRULES_paragraphField"(
      label: "Description",
      labelPosition: "ABOVE",
      saveInto: {},
      refreshAfter: "UNFOCUS",
      height: "MEDIUM",
      validations: {}
    ),
    {
      a!localVariables(
        local!options: {
          a!map(icon: "home", name: "House", desc: "A single family home, townhouse, or duplex"),
          a!map(icon: "building", name: "Condo", desc: "A multi-family building in which you own a unit")
        },
        local!selectedCard,
        {
          #"SYSTEM_SYSRULES_richTextDisplayField"(
            labelPosition: "COLLAPSED",
            value: {
              char(10),
              char(10),
              #"SYSTEM_SYSRULES_richTextItem_v1"(
                text: "Is your home a house or a condo?",
                color: "ACCENT",
                size: "LARGE"
              ),
              char(10),
              char(10)
            },
            showWhen: isNull(local!selectedCard),
            align: "CENTER"
          ),
          #"SYSTEM_SYSRULES_columnsLayout"(
            columns: {
              #"SYSTEM_SYSRULES_columnLayout"(),
              #"SYSTEM_SYSRULES_forEach"(
                items: local!options,
                expression: #"SYSTEM_SYSRULES_columnLayout"(
                  contents: {
                    #"SYSTEM_SYSRULES_cardLayout"(
                      contents: {
                        #"SYSTEM_SYSRULES_richTextDisplayField"(
                          labelPosition: "COLLAPSED",
                          value: {
                            char(10),
                            char(10),
                            #"SYSTEM_SYSRULES_richTextIcon"(
                              icon: fv!item.icon,
                              color: "#8CA1D0",
                              size: "LARGE_PLUS"
                            ),
                            char(10),
                            char(10),
                            #"SYSTEM_SYSRULES_richTextItem_v1"(
                              text: fv!item.name,
                              color: "ACCENT",
                              size: "LARGE",
                              style: "STRONG"
                            ),
                            char(10),
                            char(10),
                            #"SYSTEM_SYSRULES_richTextItem_v1"(
                              text: fv!item.desc,
                              size: "SMALL"
                            )
                          },
                          align: "CENTER"
                        )
                      },
                      link: #"SYSTEM_SYSRULES_dynamicLink"(
                        saveInto: a!save(local!selectedCard, fv!item.name)
                      ),
                      height: "MEDIUM",
                      shape: "ROUNDED"
                    )
                  },
                  width: "MEDIUM"
                )
              ),
              #"SYSTEM_SYSRULES_columnLayout"()
            },
            showWhen: isNull(local!selectedCard),
            marginBelow: "STANDARD"
          ),
          #"SYSTEM_SYSRULES_richTextDisplayField"(
            value: "" &amp; local!selectedCard &amp; " next steps would appear here",
            showWhen: not(isNull(local!selectedCard)),
            align: "CENTER"
          ),
          #"_a-0000ec29-b861-8000-9c5e-011c48011c48_2841399"(templateId: 1)
        }
      )
    }
  },
  buttons: #"SYSTEM_SYSRULES_ButtonLayout"(
    primaryButtons: {
      #"SYSTEM_SYSRULES_buttonWidget_v1"(
        label: "Submit",
        submit: true,
        style: "SOLID",
        loadingIndicator: true
      )
    },
    secondaryButtons: {
      #"SYSTEM_SYSRULES_buttonWidget_v1"(
        label: "Cancel",
        value: true,
        saveInto: {},
        submit: true,
        style: "OUTLINE",
        validate: false
      )
    }
  )
)</definition>
        <preferredEditor>interface</preferredEditor>
        <offlineEnabled>false</offlineEnabled>
        <isCustom>false</isCustom>
    </interface>
    <roleMap public="true">
        <role inherit="true" allowForAll="false" name="readers">
            <users/>
            <groups/>
        </role>
        <role inherit="true" allowForAll="false" name="authors">
            <users/>
            <groups/>
        </role>
        <role inherit="true" allowForAll="false" name="administrators">
            <users/>
            <groups/>
        </role>
        <role inherit="false" allowForAll="false" name="denyReaders">
            <users/>
            <groups/>
        </role>
        <role inherit="false" allowForAll="false" name="denyAuthors">
            <users/>
            <groups/>
        </role>
        <role inherit="false" allowForAll="false" name="denyAdministrators">
            <users/>
            <groups/>
        </role>
    </roleMap>
    <history>
        <historyInfo versionUuid="_a-0000ec29-b861-8000-9c5e-011c48011c48_2844594"/>
    </history>
</contentHaul>
