<?xml version="1.0" encoding="UTF-8" standalone="yes"?>
<contentHaul xmlns:a="http://www.appian.com/ae/types/2009">
    <versionUuid>_a-0000ec29-b861-8000-9c5e-011c48011c48_2849921</versionUuid>
    <rule>
        <name>DCR_updateDDQQuestionFieldValue</name>
        <uuid>_a-0000ec29-b861-8000-9c5e-011c48011c48_2849845</uuid>
        <description></description>
        <parentUuid>ac9f0649-dc34-49a2-93c7-e4e8891c6615</parentUuid>
        <visibility>
            <advertise>false</advertise>
            <hierarchy>true</hierarchy>
            <indexable>true</indexable>
            <quota>false</quota>
            <searchable>true</searchable>
            <system>false</system>
            <unlogged>false</unlogged>
        </visibility>
        <definition>#"SYSTEM_SYSRULES_forEach"(
  items: ri!dcr_questionmapping,
  expression: #"urn:appian:record-type:v1:0ba2b6b1-3d23-4d1f-9a01-0b77d05aff0a"(
    #"urn:appian:record-field:v1:0ba2b6b1-3d23-4d1f-9a01-0b77d05aff0a/f450a930-0b17-43b3-a0f8-b644730341c4": fv!item[#"urn:appian:record-field:v1:0ba2b6b1-3d23-4d1f-9a01-0b77d05aff0a/f450a930-0b17-43b3-a0f8-b644730341c4"],
    #"urn:appian:record-field:v1:0ba2b6b1-3d23-4d1f-9a01-0b77d05aff0a/3d8300c0-5c1b-4442-a1e3-cd8019dc7262": fv!item[#"urn:appian:record-field:v1:0ba2b6b1-3d23-4d1f-9a01-0b77d05aff0a/3d8300c0-5c1b-4442-a1e3-cd8019dc7262"],
    #"urn:appian:record-field:v1:0ba2b6b1-3d23-4d1f-9a01-0b77d05aff0a/20855702-1654-48e2-98c8-a89f6ea767f2": fv!item[#"urn:appian:record-field:v1:0ba2b6b1-3d23-4d1f-9a01-0b77d05aff0a/20855702-1654-48e2-98c8-a89f6ea767f2"],
    #"urn:appian:record-field:v1:0ba2b6b1-3d23-4d1f-9a01-0b77d05aff0a/0648e5f4-5ce0-48a1-b5e0-3504d19115c5": fv!item[#"urn:appian:record-field:v1:0ba2b6b1-3d23-4d1f-9a01-0b77d05aff0a/0648e5f4-5ce0-48a1-b5e0-3504d19115c5"],
    #"urn:appian:record-field:v1:0ba2b6b1-3d23-4d1f-9a01-0b77d05aff0a/c778576e-361e-4a31-8a9b-3566040ae0a9": fv!item[#"urn:appian:record-field:v1:0ba2b6b1-3d23-4d1f-9a01-0b77d05aff0a/c778576e-361e-4a31-8a9b-3566040ae0a9"],
    #"urn:appian:record-field:v1:0ba2b6b1-3d23-4d1f-9a01-0b77d05aff0a/8d0bc07f-d2f6-4ec1-895b-0b190f6c6871": fv!item[#"urn:appian:record-field:v1:0ba2b6b1-3d23-4d1f-9a01-0b77d05aff0a/8d0bc07f-d2f6-4ec1-895b-0b190f6c6871"],
    #"urn:appian:record-field:v1:0ba2b6b1-3d23-4d1f-9a01-0b77d05aff0a/85d34e32-6de6-4dd3-af35-7f60ab4bfcc2": fv!item[#"urn:appian:record-field:v1:0ba2b6b1-3d23-4d1f-9a01-0b77d05aff0a/85d34e32-6de6-4dd3-af35-7f60ab4bfcc2"],
    #"urn:appian:record-field:v1:0ba2b6b1-3d23-4d1f-9a01-0b77d05aff0a/93f9311a-3cbe-4abe-aa55-1358c70647dd": fv!item[#"urn:appian:record-field:v1:0ba2b6b1-3d23-4d1f-9a01-0b77d05aff0a/93f9311a-3cbe-4abe-aa55-1358c70647dd"],
    #"urn:appian:record-field:v1:0ba2b6b1-3d23-4d1f-9a01-0b77d05aff0a/8a96c6f5-4d61-4852-88a3-1a765c8cf030": fv!item[#"urn:appian:record-field:v1:0ba2b6b1-3d23-4d1f-9a01-0b77d05aff0a/8a96c6f5-4d61-4852-88a3-1a765c8cf030"],
    #"urn:appian:record-field:v1:0ba2b6b1-3d23-4d1f-9a01-0b77d05aff0a/24a868f3-89ad-4f7c-b027-3958d7df15ca": fv!item[#"urn:appian:record-field:v1:0ba2b6b1-3d23-4d1f-9a01-0b77d05aff0a/24a868f3-89ad-4f7c-b027-3958d7df15ca"],
    #"urn:appian:record-field:v1:0ba2b6b1-3d23-4d1f-9a01-0b77d05aff0a/6933f675-8338-4d77-a279-c4f669fbbf2e": fv!item[#"urn:appian:record-field:v1:0ba2b6b1-3d23-4d1f-9a01-0b77d05aff0a/6933f675-8338-4d77-a279-c4f669fbbf2e"],
    #"urn:appian:record-field:v1:0ba2b6b1-3d23-4d1f-9a01-0b77d05aff0a/b5d24469-1978-4b33-b680-37f7bf935f2b": ri!questionFieldKeyValue.fieldValue[wherecontains(
      fv!item[#"urn:appian:record-field:v1:0ba2b6b1-3d23-4d1f-9a01-0b77d05aff0a/f450a930-0b17-43b3-a0f8-b644730341c4"],
      ri!questionFieldKeyValue.questionId
    )]
  )
)</definition>
        <namedTypedValue>
            <name>questionFieldKeyValue</name>
            <type>
                <name>Map</name>
                <namespace>http://www.appian.com/ae/types/2009</namespace>
            </type>
        </namedTypedValue>
        <namedTypedValue>
            <name>dcr_questionmapping</name>
            <type>
                <name>0ba2b6b1-3d23-4d1f-9a01-0b77d05aff0a?list</name>
                <namespace>urn:com:appian:recordtype:datatype</namespace>
            </type>
        </namedTypedValue>
        <preferredEditor>legacy</preferredEditor>
        <offlineEnabled>false</offlineEnabled>
    </rule>
    <roleMap public="true">
        <role inherit="true" allowForAll="false" name="readers">
            <users/>
            <groups/>
        </role>
        <role inherit="true" allowForAll="false" name="authors">
            <users/>
            <groups/>
        </role>
        <role inherit="true" allowForAll="false" name="administrators">
            <users/>
            <groups/>
        </role>
        <role inherit="false" allowForAll="false" name="denyReaders">
            <users/>
            <groups/>
        </role>
        <role inherit="false" allowForAll="false" name="denyAuthors">
            <users/>
            <groups/>
        </role>
        <role inherit="false" allowForAll="false" name="denyAdministrators">
            <users/>
            <groups/>
        </role>
    </roleMap>
    <history>
        <historyInfo versionUuid="_a-0000ec29-b861-8000-9c5e-011c48011c48_2849921"/>
    </history>
</contentHaul>
