<?xml version="1.0" encoding="UTF-8" standalone="yes"?>
<contentHaul xmlns:a="http://www.appian.com/ae/types/2009">
    <versionUuid>_a-0000ec29-b861-8000-9c5e-011c48011c48_2850469</versionUuid>
    <interface>
        <name>DCR_taskUI</name>
        <uuid>_a-0000ec29-b861-8000-9c5e-011c48011c48_2850437</uuid>
        <description></description>
        <parentUuid>ac9f0649-dc34-49a2-93c7-e4e8891c6615</parentUuid>
        <visibility>
            <advertise>false</advertise>
            <hierarchy>true</hierarchy>
            <indexable>true</indexable>
            <quota>false</quota>
            <searchable>true</searchable>
            <system>false</system>
            <unlogged>false</unlogged>
        </visibility>
        <definition>{
  #"SYSTEM_SYSRULES_gridField_v2"(
    label: "Tasks",
    labelPosition: "ABOVE",
    data: #"urn:appian:record-type:v1:933d511d-4a24-4da2-a058-c7f497bfd5c8",
    columns: {
      #"SYSTEM_SYSRULES_gridColumn"(
        label: "Task Name",
        sortField: #"urn:appian:record-field:v1:933d511d-4a24-4da2-a058-c7f497bfd5c8/6950f780-d640-417d-a07a-d497895adafd",
        value: #"SYSTEM_SYSRULES_richTextDisplayField"(
          label: fv!row[#"urn:appian:record-field:v1:933d511d-4a24-4da2-a058-c7f497bfd5c8/6950f780-d640-417d-a07a-d497895adafd"],
          value: #"SYSTEM_SYSRULES_richTextItem_v1"(
            text: fv!row[#"urn:appian:record-field:v1:933d511d-4a24-4da2-a058-c7f497bfd5c8/6950f780-d640-417d-a07a-d497895adafd"],
            link: #"SYSTEM_SYSRULES_startProcessLink"(
              label: fv!row[#"urn:appian:record-field:v1:933d511d-4a24-4da2-a058-c7f497bfd5c8/6950f780-d640-417d-a07a-d497895adafd"],
              processModel: #"_a-0000ec29-b861-8000-9c5e-011c48011c48_2850456",
              processParameters: { DCR_Task: fv!row }
            )
          )
        ),
        align: "START"
      ),
      #"SYSTEM_SYSRULES_gridColumn"(
        label: "Due On",
        sortField: #"urn:appian:record-field:v1:933d511d-4a24-4da2-a058-c7f497bfd5c8/2b5a940d-6d4e-41e4-987c-27dcd93cb1b1",
        value: fv!row[#"urn:appian:record-field:v1:933d511d-4a24-4da2-a058-c7f497bfd5c8/2b5a940d-6d4e-41e4-987c-27dcd93cb1b1"],
        align: "START"
      )
    },
    validations: {},
    refreshAfter: "RECORD_ACTION",
    showSearchBox: false(),
    showRefreshButton: false()
  )
}</definition>
        <preferredEditor>interface</preferredEditor>
        <offlineEnabled>false</offlineEnabled>
        <isCustom>false</isCustom>
    </interface>
    <roleMap public="true">
        <role inherit="true" allowForAll="false" name="readers">
            <users/>
            <groups/>
        </role>
        <role inherit="true" allowForAll="false" name="authors">
            <users/>
            <groups/>
        </role>
        <role inherit="true" allowForAll="false" name="administrators">
            <users/>
            <groups/>
        </role>
        <role inherit="false" allowForAll="false" name="denyReaders">
            <users/>
            <groups/>
        </role>
        <role inherit="false" allowForAll="false" name="denyAuthors">
            <users/>
            <groups/>
        </role>
        <role inherit="false" allowForAll="false" name="denyAdministrators">
            <users/>
            <groups/>
        </role>
    </roleMap>
    <history>
        <historyInfo versionUuid="_a-0000ec29-b861-8000-9c5e-011c48011c48_2850469"/>
    </history>
</contentHaul>
