<?xml version="1.0" encoding="UTF-8" standalone="yes"?>
<contentHaul xmlns:a="http://www.appian.com/ae/types/2009">
    <versionUuid>_a-0000ec29-b861-8000-9c5e-011c48011c48_2853144</versionUuid>
    <interface>
        <name>DCR_DDQUI</name>
        <uuid>_a-0000ec29-b861-8000-9c5e-011c48011c48_2843480</uuid>
        <description></description>
        <parentUuid>ac9f0649-dc34-49a2-93c7-e4e8891c6615</parentUuid>
        <visibility>
            <advertise>false</advertise>
            <hierarchy>true</hierarchy>
            <indexable>true</indexable>
            <quota>false</quota>
            <searchable>true</searchable>
            <system>false</system>
            <unlogged>false</unlogged>
        </visibility>
        <definition>a!localVariables(
  local!templateDetails: a!refreshVariable(
    value: #"_a-0000ec29-b861-8000-9c5e-011c48011c48_2843350"(
      id: ri!ddqId,
      fields: {
        #"urn:appian:record-relationship:v1:c6202e1d-5343-40bd-8dea-2bc0fd9f907f/69625cb3-ffa8-4f3c-819a-da473b21d150/7473142a-132b-457f-a068-0547138cd3d6",
        #"urn:appian:record-relationship:v1:c6202e1d-5343-40bd-8dea-2bc0fd9f907f/69625cb3-ffa8-4f3c-819a-da473b21d150"
      }
    ),
    refreshOnReferencedVarChange: false()
  ),
  local!sectionDetails: a!refreshVariable(
    value: a!flatten(index(
      local!templateDetails,
      #"urn:appian:record-relationship:v1:c6202e1d-5343-40bd-8dea-2bc0fd9f907f/69625cb3-ffa8-4f3c-819a-da473b21d150",
      null
    )),
    refreshOnReferencedVarChange: false()
  ),
  local!questionIdList,
  local!questionValueList,
  #"SYSTEM_SYSRULES_formLayout_v1"(
    label: local!templateDetails[#"urn:appian:record-field:v1:c6202e1d-5343-40bd-8dea-2bc0fd9f907f/fd3bfa72-d8d5-4d0e-a3e2-732e6234d365"],
    contents: {
      #"SYSTEM_SYSRULES_forEach"(
        items: local!sectionDetails,
        expression: #"SYSTEM_SYSRULES_boxLayout"(
          label: fv!item[#"urn:appian:record-field:v1:abf8a6de-5ae7-44aa-9786-2768075f2784/66f3c16b-93a0-4d6a-841b-50cd7d3efefe"],
          contents: a!localVariables(
            local!qustions: a!flatten(
              fv!item[#"urn:appian:record-relationship:v1:abf8a6de-5ae7-44aa-9786-2768075f2784/7473142a-132b-457f-a068-0547138cd3d6"]
            ),
            #"SYSTEM_SYSRULES_forEach"(
              items: local!qustions,
              expression: {
                if(
                  fv!item[#"urn:appian:record-field:v1:0ba2b6b1-3d23-4d1f-9a01-0b77d05aff0a/6933f675-8338-4d77-a279-c4f669fbbf2e"] = "Text",
                  #"SYSTEM_SYSRULES_textField"(
                    label: fv!item[#"urn:appian:record-field:v1:0ba2b6b1-3d23-4d1f-9a01-0b77d05aff0a/24a868f3-89ad-4f7c-b027-3958d7df15ca"],
                    labelPosition: "ADJACENT",
                    required: fv!item[#"urn:appian:record-field:v1:0ba2b6b1-3d23-4d1f-9a01-0b77d05aff0a/85d34e32-6de6-4dd3-af35-7f60ab4bfcc2"],
                    value: fv!item[#"urn:appian:record-field:v1:0ba2b6b1-3d23-4d1f-9a01-0b77d05aff0a/b5d24469-1978-4b33-b680-37f7bf935f2b"],
                    saveInto: {
                      fv!item[#"urn:appian:record-field:v1:0ba2b6b1-3d23-4d1f-9a01-0b77d05aff0a/b5d24469-1978-4b33-b680-37f7bf935f2b"],
                      a!save(
                        local!questionValueList,
                        append(
                          local!questionValueList,
                          fv!item[#"urn:appian:record-field:v1:0ba2b6b1-3d23-4d1f-9a01-0b77d05aff0a/b5d24469-1978-4b33-b680-37f7bf935f2b"]
                        )
                      ),
                      a!save(
                        local!questionIdList,
                        append(
                          local!questionIdList,
                          fv!item[#"urn:appian:record-field:v1:0ba2b6b1-3d23-4d1f-9a01-0b77d05aff0a/f450a930-0b17-43b3-a0f8-b644730341c4"]
                        )
                      ),
                      
                    },
                    validations: if(
                      regexmatch(
                        fv!item[#"urn:appian:record-field:v1:0ba2b6b1-3d23-4d1f-9a01-0b77d05aff0a/93f9311a-3cbe-4abe-aa55-1358c70647dd"],
                        fv!item[#"urn:appian:record-field:v1:0ba2b6b1-3d23-4d1f-9a01-0b77d05aff0a/b5d24469-1978-4b33-b680-37f7bf935f2b"]
                        
                      ),
                      "",
                      "Entered value not correct"
                    )
                  ),
                  if(
                    fv!item[#"urn:appian:record-field:v1:0ba2b6b1-3d23-4d1f-9a01-0b77d05aff0a/6933f675-8338-4d77-a279-c4f669fbbf2e"] = "radio",
                    #"SYSTEM_SYSRULES_radioButtonField_v1"(
                      label: fv!item[#"urn:appian:record-field:v1:0ba2b6b1-3d23-4d1f-9a01-0b77d05aff0a/24a868f3-89ad-4f7c-b027-3958d7df15ca"],
                      labelPosition: "ADJACENT",
                      required: fv!item[#"urn:appian:record-field:v1:0ba2b6b1-3d23-4d1f-9a01-0b77d05aff0a/85d34e32-6de6-4dd3-af35-7f60ab4bfcc2"],
                      choiceLabels: {
                        fv!item[#"urn:appian:record-field:v1:0ba2b6b1-3d23-4d1f-9a01-0b77d05aff0a/20855702-1654-48e2-98c8-a89f6ea767f2"],
                        fv!item[#"urn:appian:record-field:v1:0ba2b6b1-3d23-4d1f-9a01-0b77d05aff0a/0648e5f4-5ce0-48a1-b5e0-3504d19115c5"]
                      },
                      choiceValues: {
                        fv!item[#"urn:appian:record-field:v1:0ba2b6b1-3d23-4d1f-9a01-0b77d05aff0a/20855702-1654-48e2-98c8-a89f6ea767f2"],
                        fv!item[#"urn:appian:record-field:v1:0ba2b6b1-3d23-4d1f-9a01-0b77d05aff0a/0648e5f4-5ce0-48a1-b5e0-3504d19115c5"]
                      },
                      value: fv!item[#"urn:appian:record-field:v1:0ba2b6b1-3d23-4d1f-9a01-0b77d05aff0a/b5d24469-1978-4b33-b680-37f7bf935f2b"],
                      saveInto: {
                        fv!item[#"urn:appian:record-field:v1:0ba2b6b1-3d23-4d1f-9a01-0b77d05aff0a/b5d24469-1978-4b33-b680-37f7bf935f2b"],
                        a!save(
                          local!questionValueList,
                          append(
                            local!questionValueList,
                            fv!item[#"urn:appian:record-field:v1:0ba2b6b1-3d23-4d1f-9a01-0b77d05aff0a/b5d24469-1978-4b33-b680-37f7bf935f2b"]
                          )
                        ),
                        a!save(
                          local!questionIdList,
                          append(
                            local!questionIdList,
                            fv!item[#"urn:appian:record-field:v1:0ba2b6b1-3d23-4d1f-9a01-0b77d05aff0a/f450a930-0b17-43b3-a0f8-b644730341c4"]
                          )
                        ),
                        
                      }
                    ),
                    if(
                      fv!item[#"urn:appian:record-field:v1:0ba2b6b1-3d23-4d1f-9a01-0b77d05aff0a/6933f675-8338-4d77-a279-c4f669fbbf2e"] = "date",
                    #"SYSTEM_SYSRULES_dateField"(
                      label: fv!item[#"urn:appian:record-field:v1:0ba2b6b1-3d23-4d1f-9a01-0b77d05aff0a/24a868f3-89ad-4f7c-b027-3958d7df15ca"],
                      labelPosition: "ADJACENT",
                      required: fv!item[#"urn:appian:record-field:v1:0ba2b6b1-3d23-4d1f-9a01-0b77d05aff0a/85d34e32-6de6-4dd3-af35-7f60ab4bfcc2"],
                      value: fv!item[#"urn:appian:record-field:v1:0ba2b6b1-3d23-4d1f-9a01-0b77d05aff0a/b5d24469-1978-4b33-b680-37f7bf935f2b"],
                      saveInto: {
                        fv!item[#"urn:appian:record-field:v1:0ba2b6b1-3d23-4d1f-9a01-0b77d05aff0a/b5d24469-1978-4b33-b680-37f7bf935f2b"],
                        a!save(
                          local!questionValueList,
                          append(
                            local!questionValueList,
                            fv!item[#"urn:appian:record-field:v1:0ba2b6b1-3d23-4d1f-9a01-0b77d05aff0a/b5d24469-1978-4b33-b680-37f7bf935f2b"]
                          )
                        ),
                        a!save(
                          local!questionIdList,
                          append(
                            local!questionIdList,
                            fv!item[#"urn:appian:record-field:v1:0ba2b6b1-3d23-4d1f-9a01-0b77d05aff0a/f450a930-0b17-43b3-a0f8-b644730341c4"]
                          )
                        ),
                        }

                    ),
                    
                    #"SYSTEM_SYSRULES_textField"(label: "")
                  )
                  )
                )
              }
            )
          ),
          marginBelow: "LESS"
        )
      ),
      
    },
    buttons: #"SYSTEM_SYSRULES_ButtonLayout"(
      primaryButtons: #"SYSTEM_SYSRULES_buttonWidget_v1"(
        label: "Submit",
        submit: true(),
        validate: true(),
        saveInto: 
        {
          a!save(ri!questionFieldKeyValue,
          {
            questionId:local!questionIdList,
            fieldValue:local!questionValueList
          }
          ),
          a!save(ri!DCR_questions,
          local!sectionDetails[#"urn:appian:record-relationship:v1:abf8a6de-5ae7-44aa-9786-2768075f2784/7473142a-132b-457f-a068-0547138cd3d6"]
          )
          
          
        }
      )
    )
  )
)</definition>
        <namedTypedValue>
            <name>ddqId</name>
            <type>
                <name>int</name>
                <namespace>http://www.w3.org/2001/XMLSchema</namespace>
            </type>
        </namedTypedValue>
        <namedTypedValue>
            <name>questionFieldKeyValue</name>
            <type>
                <name>Map</name>
                <namespace>http://www.appian.com/ae/types/2009</namespace>
            </type>
        </namedTypedValue>
        <namedTypedValue>
            <name>DCR_questions</name>
            <type>
                <name>0ba2b6b1-3d23-4d1f-9a01-0b77d05aff0a?list</name>
                <namespace>urn:com:appian:recordtype:datatype</namespace>
            </type>
        </namedTypedValue>
        <preferredEditor>interface</preferredEditor>
        <offlineEnabled>false</offlineEnabled>
        <isCustom>false</isCustom>
    </interface>
    <roleMap public="true">
        <role inherit="true" allowForAll="false" name="readers">
            <users/>
            <groups/>
        </role>
        <role inherit="true" allowForAll="false" name="authors">
            <users/>
            <groups/>
        </role>
        <role inherit="true" allowForAll="false" name="administrators">
            <users/>
            <groups/>
        </role>
        <role inherit="false" allowForAll="false" name="denyReaders">
            <users/>
            <groups/>
        </role>
        <role inherit="false" allowForAll="false" name="denyAuthors">
            <users/>
            <groups/>
        </role>
        <role inherit="false" allowForAll="false" name="denyAdministrators">
            <users/>
            <groups/>
        </role>
    </roleMap>
    <history>
        <historyInfo versionUuid="_a-0000ec29-b861-8000-9c5e-011c48011c48_2853144"/>
    </history>
</contentHaul>
