<?xml version="1.0" encoding="UTF-8" standalone="yes"?>
<contentHaul xmlns:a="http://www.appian.com/ae/types/2009">
    <versionUuid>_a-0000ec29-b861-8000-9c5e-011c48011c48_2843479</versionUuid>
    <rule>
        <name>DCR_getDDQDetails</name>
        <uuid>_a-0000ec29-b861-8000-9c5e-011c48011c48_2843350</uuid>
        <description></description>
        <parentUuid>ac9f0649-dc34-49a2-93c7-e4e8891c6615</parentUuid>
        <visibility>
            <advertise>false</advertise>
            <hierarchy>true</hierarchy>
            <indexable>true</indexable>
            <quota>false</quota>
            <searchable>true</searchable>
            <system>false</system>
            <unlogged>false</unlogged>
        </visibility>
        <definition>#"SYSTEM_SYSRULES_queryRecordType_v1"(
  recordType: #"urn:appian:record-type:v1:c6202e1d-5343-40bd-8dea-2bc0fd9f907f",
  fields: a!defaultValue(ri!fields,{}),
  filters: #"SYSTEM_SYSRULES_queryLogicalExpression"(
    operator: "AND",
    filters: {
      #"SYSTEM_SYSRULES_queryFilter"(
        field: #"urn:appian:record-field:v1:c6202e1d-5343-40bd-8dea-2bc0fd9f907f/a14d4eab-3592-47af-981b-77e4a136a637",
        operator: "=",
        value: ri!id
      )
    },
    ignoreFiltersWithEmptyValues: true
  ),
  pagingInfo: #"SYSTEM_SYSRULES_pagingInfo"(
    startIndex: 1,
    batchSize: 100
  )
).data</definition>
        <namedTypedValue>
            <name>id</name>
            <type>
                <name>int</name>
                <namespace>http://www.w3.org/2001/XMLSchema</namespace>
            </type>
        </namedTypedValue>
        <namedTypedValue>
            <name>fields</name>
            <type>
                <name>Variant</name>
                <namespace>http://www.appian.com/ae/types/2009</namespace>
            </type>
        </namedTypedValue>
        <preferredEditor>legacy</preferredEditor>
        <offlineEnabled>false</offlineEnabled>
    </rule>
    <roleMap public="true">
        <role inherit="true" allowForAll="false" name="readers">
            <users/>
            <groups/>
        </role>
        <role inherit="true" allowForAll="false" name="authors">
            <users/>
            <groups/>
        </role>
        <role inherit="true" allowForAll="false" name="administrators">
            <users/>
            <groups/>
        </role>
        <role inherit="false" allowForAll="false" name="denyReaders">
            <users/>
            <groups/>
        </role>
        <role inherit="false" allowForAll="false" name="denyAuthors">
            <users/>
            <groups/>
        </role>
        <role inherit="false" allowForAll="false" name="denyAdministrators">
            <users/>
            <groups/>
        </role>
    </roleMap>
    <history>
        <historyInfo versionUuid="_a-0000ec29-b861-8000-9c5e-011c48011c48_2843479"/>
    </history>
</contentHaul>
