<?xml version="1.0" encoding="UTF-8" standalone="yes"?>
<contentHaul xmlns:a="http://www.appian.com/ae/types/2009">
    <versionUuid>_a-0000ec29-b861-8000-9c5e-011c48011c48_2851428</versionUuid>
    <interface>
        <name>DCR_TemplateView</name>
        <uuid>_a-0000ec29-b861-8000-9c5e-011c48011c48_2850661</uuid>
        <description>Interface to display templates</description>
        <parentUuid>1ae32aec-25da-4167-b3c4-1f01d89c5143</parentUuid>
        <visibility>
            <advertise>false</advertise>
            <hierarchy>true</hierarchy>
            <indexable>true</indexable>
            <quota>false</quota>
            <searchable>true</searchable>
            <system>false</system>
            <unlogged>false</unlogged>
        </visibility>
        <definition>a!localVariables(
  local!data: #"_a-0000ec29-b861-8000-9c5e-011c48011c48_2850671"(),
  local!dataCount:count(local!data),
  local!coloumNumber: 3,
  local!rowNumber: ceiling(
    local!dataCount / local!coloumNumber
  ),
 {
   #"SYSTEM_SYSRULES_columnsLayout"(
     columns: {
      
       #"SYSTEM_SYSRULES_columnLayout"(),
     #"SYSTEM_SYSRULES_columnLayout"(),
     
   #"SYSTEM_SYSRULES_columnLayout"(),
   #"SYSTEM_SYSRULES_columnLayout"(
     contents: {
       #"SYSTEM_SYSRULES_recordActionField"(
         actions: {
           #"SYSTEM_SYSRULES_recordActionItem"(
             action: #"urn:appian:record-action:v1:ae2a08da-a904-4404-8208-3f9ae918ca72/a200f2ef-deea-4882-901a-82220c92e66c"

           ),

         },
         style: "TOOLBAR",
         display: "LABEL_AND_ICON",
         align: "END"
       )
     }
   ),
     /*a!columnLayout(*/
       /*contents: {*/
         /*a!recordActionField_23r3(*/
           /*actions: {*/
             /*a!recordActionItem(*/
               /*action: 'recordType!{ae2a08da-a904-4404-8208-3f9ae918ca72}DCR Template.actions.{6f9d1f41-0000-4d2d-8ecd-d140d931a5c9}updateTemplateNew'*/
/**/
             /*),*/
/**/
           /*},*/
           /*style: "TOOLBAR",*/
           /*display: "LABEL_AND_ICON",*/
           /*align: "END"*/
         /*)*/
       /*}*/
     /*)*/
     },
   ),
   #"SYSTEM_SYSRULES_forEach"(
     items: enumerate(local!rowNumber),
     expression: a!localVariables(
       local!currRow: fv!index,
       #"SYSTEM_SYSRULES_columnsLayout"(
         columns: #"SYSTEM_SYSRULES_forEach"(
           items: enumerate(local!coloumNumber),
           expression: #"SYSTEM_SYSRULES_columnLayout"(
             contents:#"SYSTEM_SYSRULES_cardLayout"(
    contents:{
     
      
      #"SYSTEM_SYSRULES_sideBySideLayout"(
        items:{
 #"SYSTEM_SYSRULES_sideBySideItem"(
        item:#"SYSTEM_SYSRULES_stampField"(
          labelPosition: "COLLAPSED",
          icon: "file-invoice",
          backgroundColor: "TRANSPARENT",
          size: "TINY",
          contentColor: "#FE9900"
        ),
        width: "MINIMIZE"
       ),
       #"SYSTEM_SYSRULES_sideBySideItem"(
         item: 
       #"SYSTEM_SYSRULES_richTextDisplayField"(
         value:
         #"SYSTEM_SYSRULES_richTextItem_v1"(
           text:index(
             local!data[#"urn:appian:record-field:v1:ae2a08da-a904-4404-8208-3f9ae918ca72/e94fd91f-919a-4ffd-a83c-97e8e57ea537"],
             (local!currRow - 1) * local!coloumNumber + fv!index,
             null
           ),
           style: "STRONG",
           color:"#9F393A"
         )
         ),
         width: "MINIMIZE"
       ),
       #"SYSTEM_SYSRULES_sideBySideItem"(
         item: #"SYSTEM_SYSRULES_recordActionField"(
           actions: {
             #"SYSTEM_SYSRULES_recordActionItem"(
               action: #"urn:appian:record-action:v1:ae2a08da-a904-4404-8208-3f9ae918ca72/b2dc87c8-051e-4276-9322-707a2684e574",
               identifier:index(
                 local!data[#"urn:appian:record-field:v1:ae2a08da-a904-4404-8208-3f9ae918ca72/ca71dc19-5b3d-4baf-954b-34e2abc3afcc"],
                 (local!currRow - 1) * local!coloumNumber + fv!index,
                 null
               ),
                

             )
          
           },style: "MENU_ICON",
           display: "LABEL_AND_ICON",
           
         ),
        

       ),
      },
      alignVertical :"MIDDLE",
     
      )
      
      
    }
  )
  )
  )
  )
  )
  ),
  }
)</definition>
        <preferredEditor>interface</preferredEditor>
        <offlineEnabled>false</offlineEnabled>
        <isCustom>false</isCustom>
    </interface>
    <roleMap public="true">
        <role inherit="true" allowForAll="false" name="readers">
            <users/>
            <groups/>
        </role>
        <role inherit="true" allowForAll="false" name="authors">
            <users/>
            <groups/>
        </role>
        <role inherit="true" allowForAll="false" name="administrators">
            <users/>
            <groups/>
        </role>
        <role inherit="false" allowForAll="false" name="denyReaders">
            <users/>
            <groups/>
        </role>
        <role inherit="false" allowForAll="false" name="denyAuthors">
            <users/>
            <groups/>
        </role>
        <role inherit="false" allowForAll="false" name="denyAdministrators">
            <users/>
            <groups/>
        </role>
    </roleMap>
    <history>
        <historyInfo versionUuid="_a-0000ec29-b861-8000-9c5e-011c48011c48_2851428"/>
    </history>
</contentHaul>
