<?xml version="1.0" encoding="UTF-8" standalone="yes"?>
<contentHaul xmlns:a="http://www.appian.com/ae/types/2009">
    <versionUuid>_a-0000ec29-b861-8000-9c5e-011c48011c48_2850482</versionUuid>
    <interface>
        <name>DCR_questionList</name>
        <uuid>_a-0000ec29-b861-8000-9c5e-011c48011c48_2850471</uuid>
        <description></description>
        <parentUuid>ac9f0649-dc34-49a2-93c7-e4e8891c6615</parentUuid>
        <visibility>
            <advertise>false</advertise>
            <hierarchy>true</hierarchy>
            <indexable>true</indexable>
            <quota>false</quota>
            <searchable>true</searchable>
            <system>false</system>
            <unlogged>false</unlogged>
        </visibility>
        <definition>{
  #"SYSTEM_SYSRULES_gridField_v2"(
    label: "Read-only Grid",
    labelPosition: "ABOVE",
    data: #"urn:appian:record-type:v1:e9fff480-6a64-4e41-9e96-812edab301b7",
    columns: {
      #"SYSTEM_SYSRULES_gridColumn"(
        label: "Id",
        sortField: #"urn:appian:record-field:v1:e9fff480-6a64-4e41-9e96-812edab301b7/d2ac40b0-438a-446c-bfd3-d610ead17607",
        value: fv!row[#"urn:appian:record-field:v1:e9fff480-6a64-4e41-9e96-812edab301b7/d2ac40b0-438a-446c-bfd3-d610ead17607"],
        align: "END"
      ),
      #"SYSTEM_SYSRULES_gridColumn"(
        label: "Question",
        sortField: #"urn:appian:record-field:v1:e9fff480-6a64-4e41-9e96-812edab301b7/4fbceca6-00e1-46f4-bc99-8728f7f0aaaa",
        value: #"SYSTEM_SYSRULES_linkField"(
          links: {
            #"SYSTEM_SYSRULES_recordLink"(
              label: fv!row[#"urn:appian:record-field:v1:e9fff480-6a64-4e41-9e96-812edab301b7/4fbceca6-00e1-46f4-bc99-8728f7f0aaaa"],
              recordType: #"urn:appian:record-type:v1:e9fff480-6a64-4e41-9e96-812edab301b7",
              identifier: fv!identifier
            )
          }
        )
      ),
      #"SYSTEM_SYSRULES_gridColumn"(
        label: "Datatype",
        sortField: #"urn:appian:record-field:v1:e9fff480-6a64-4e41-9e96-812edab301b7/553ff64e-ea2f-478e-9c4f-b34a65e42e52",
        value: fv!row[#"urn:appian:record-field:v1:e9fff480-6a64-4e41-9e96-812edab301b7/553ff64e-ea2f-478e-9c4f-b34a65e42e52"]
      ),
      #"SYSTEM_SYSRULES_gridColumn"(
        label: "Isrequire",
        sortField: #"urn:appian:record-field:v1:e9fff480-6a64-4e41-9e96-812edab301b7/d3f3f425-cd47-4b18-a5e4-fb636af7ad3a",
        value: fv!row[#"urn:appian:record-field:v1:e9fff480-6a64-4e41-9e96-812edab301b7/d3f3f425-cd47-4b18-a5e4-fb636af7ad3a"]
      ),
      #"SYSTEM_SYSRULES_gridColumn"(
        label: "Validationtype",
        sortField: #"urn:appian:record-field:v1:e9fff480-6a64-4e41-9e96-812edab301b7/4ce0d7a1-e58f-46ee-8d97-214540dc722c",
        value: fv!row[#"urn:appian:record-field:v1:e9fff480-6a64-4e41-9e96-812edab301b7/4ce0d7a1-e58f-46ee-8d97-214540dc722c"]
      ),
      #"SYSTEM_SYSRULES_gridColumn"(
        label: "Option 1",
        sortField: #"urn:appian:record-field:v1:e9fff480-6a64-4e41-9e96-812edab301b7/8d23b946-9edd-4639-8cde-27cd2685fbce",
        value: fv!row[#"urn:appian:record-field:v1:e9fff480-6a64-4e41-9e96-812edab301b7/8d23b946-9edd-4639-8cde-27cd2685fbce"]
      ),
      #"SYSTEM_SYSRULES_gridColumn"(
        label: "Option 2",
        sortField: #"urn:appian:record-field:v1:e9fff480-6a64-4e41-9e96-812edab301b7/eaee58ea-e703-4c04-bcd4-aafcba5e1dd7",
        value: fv!row[#"urn:appian:record-field:v1:e9fff480-6a64-4e41-9e96-812edab301b7/eaee58ea-e703-4c04-bcd4-aafcba5e1dd7"]
      ),
      #"SYSTEM_SYSRULES_gridColumn"(
        label: "Option 3",
        sortField: #"urn:appian:record-field:v1:e9fff480-6a64-4e41-9e96-812edab301b7/1c127cdd-61cf-4120-ba9e-4b2141b6717a",
        value: fv!row[#"urn:appian:record-field:v1:e9fff480-6a64-4e41-9e96-812edab301b7/1c127cdd-61cf-4120-ba9e-4b2141b6717a"]
      ),
      #"SYSTEM_SYSRULES_gridColumn"(
        label: "Option 4",
        sortField: #"urn:appian:record-field:v1:e9fff480-6a64-4e41-9e96-812edab301b7/5055542f-239b-46fe-9d39-290e306f8a26",
        value: fv!row[#"urn:appian:record-field:v1:e9fff480-6a64-4e41-9e96-812edab301b7/5055542f-239b-46fe-9d39-290e306f8a26"]
      )
    },
    validations: {},
    refreshAfter: "RECORD_ACTION",
    showSearchBox: true,
    showRefreshButton: true
  )
}</definition>
        <preferredEditor>interface</preferredEditor>
        <offlineEnabled>false</offlineEnabled>
        <isCustom>false</isCustom>
    </interface>
    <roleMap public="true">
        <role inherit="true" allowForAll="false" name="readers">
            <users/>
            <groups/>
        </role>
        <role inherit="true" allowForAll="false" name="authors">
            <users/>
            <groups/>
        </role>
        <role inherit="true" allowForAll="false" name="administrators">
            <users/>
            <groups/>
        </role>
        <role inherit="false" allowForAll="false" name="denyReaders">
            <users/>
            <groups/>
        </role>
        <role inherit="false" allowForAll="false" name="denyAuthors">
            <users/>
            <groups/>
        </role>
        <role inherit="false" allowForAll="false" name="denyAdministrators">
            <users/>
            <groups/>
        </role>
    </roleMap>
    <history>
        <historyInfo versionUuid="_a-0000ec29-b861-8000-9c5e-011c48011c48_2850482"/>
    </history>
</contentHaul>
