<?xml version="1.0" encoding="UTF-8" standalone="yes"?>
<contentHaul xmlns:a="http://www.appian.com/ae/types/2009">
    <versionUuid>_a-0000ec29-b861-8000-9c5e-011c48011c48_2850660</versionUuid>
    <interface>
        <name>DCR_NavigationBarForAdmin</name>
        <uuid>_a-0000ec29-b861-8000-9c5e-011c48011c48_2850629</uuid>
        <description>Admin Page Navigation Bar</description>
        <parentUuid>1ae32aec-25da-4167-b3c4-1f01d89c5143</parentUuid>
        <visibility>
            <advertise>false</advertise>
            <hierarchy>true</hierarchy>
            <indexable>true</indexable>
            <quota>false</quota>
            <searchable>true</searchable>
            <system>false</system>
            <unlogged>false</unlogged>
        </visibility>
        <definition>a!localVariables(
  local!map: {
    a!map(
      id: 1,
      tabName:index({"Templates","Sections","Questions"},1,null),
      icon: "tasks-alt",
      options: {}
    ),
    a!map(
      id: 2,
      tabName:index({"Templates","Sections","Questions"},2,null),
      icon: "clipboard-check",
      options: {}
    ),
    a!map(
      id: 3,
      tabName: index({"Templates","Sections","Questions"},3,null),
      icon: "Database",
      options: {}
    )
  },
  local!selectedOptionsList: index(local!map.options, 1, null),
  {
    #"SYSTEM_SYSRULES_cardLayout"(
      contents: {
        #"SYSTEM_SYSRULES_columnsLayout"(
          columns: {
            #"SYSTEM_SYSRULES_columnLayout"(
              contents: {
                #"SYSTEM_SYSRULES_cardLayout"(
                  contents: {
                    #"SYSTEM_SYSRULES_forEach"(
                      items: local!map,
                      expression: #"SYSTEM_SYSRULES_cardLayout"(
                        contents: {
                          #"SYSTEM_SYSRULES_richTextDisplayField"(
                            labelPosition: "COLLAPSED",
                            value: {
                              #"SYSTEM_SYSRULES_richTextIcon"(icon: fv!item.icon, size: "MEDIUM")
                            },
                            align: "CENTER",
                            marginAbove: "NONE",
                            marginBelow: "NONE"
                          )
                        },
                        link: #"SYSTEM_SYSRULES_dynamicLink"(
                          saveInto: {
                            
                            a!save(ri!selectedTabName , fv!item.tabName),
                            a!save(
                              ri!selectedOption,
                              index(fv!item, "id", null)
                            ),
                            a!save(ri!numberAction,ri!numberAction+1)
                          }
                        ),
                        tooltip: fv!item.tabName,
                        style: if(
                          fv!item.tabName = ri!selectedTabName,
                          "#ffe600",
                          "#2e2e38"
                        ),
                        showBorder: false
                      )
                    ),
                    #"SYSTEM_SYSRULES_cardLayout"(
                      contents: {},
                      height: "TALL_PLUS",
                      style: "#2e2e38",
                      showBorder: false
                    )
                  },
                  padding: "NONE"
                )
              },
              width: "EXTRA_NARROW"
            ),
            #"SYSTEM_SYSRULES_columnLayout"(
              contents: {
                #"SYSTEM_SYSRULES_cardLayout"(
                  contents: {
                    #"SYSTEM_SYSRULES_richTextDisplayField"(
                      value: #"SYSTEM_SYSRULES_richTextItem_v1"(
                        text: " " &amp; ri!selectedTabName,
                        size: "MEDIUM",
                        style: "STRONG"
                      ),
                      align: "LEFT"
                    ),
                    #"SYSTEM_SYSRULES_cardLayout"(
                      contents: {
                        #"SYSTEM_SYSRULES_forEach"(
                          items: local!selectedOptionsList,
                          expression: #"SYSTEM_SYSRULES_cardLayout"(
                            contents: {
                              #"SYSTEM_SYSRULES_richTextDisplayField"(
                                labelPosition: "COLLAPSED",
                                value: {
                                  #"SYSTEM_SYSRULES_richTextItem_v1"(
                                    text: fv!item,
                                    color: if(
                                      ri!selectedOption = fv!item,
                                      "#1a1e21",
                                      "SECONDARY"
                                    ),
                                    style: if(
                                      ri!selectedOption = fv!item,
                                      "STRONG",
                                      "PLAIN"
                                    )
                                  )
                                }
                              )
                            },
                            link: #"SYSTEM_SYSRULES_dynamicLink"(
                              saveInto: {
                                a!save(ri!selectedOption, fv!item),
                                a!save(ri!numberAction, ri!numberAction + 1)
                              }
                            ),
                            style: if(ri!selectedOption = fv!item, "STANDARD", null),
                            showBorder: false,
                            decorativeBarPosition: if(ri!selectedOption = fv!item, "START", null),
                            decorativeBarColor: "#2e2e38",
                            marginBelow: "STANDARD",
                            shape: "SEMI_ROUNDED"
                          )
                        )
                      },
                      style: "NONE",
                      showBorder: false
                    )
                  },
                  showBorder: false
                )
              }
            )
          },
          spacing: "NONE"
        )
      },
      padding: "NONE"
    )
  }
)</definition>
        <namedTypedValue>
            <name>selectedOption</name>
            <description>Selected Option for Navigation</description>
            <type>
                <name>string</name>
                <namespace>http://www.w3.org/2001/XMLSchema</namespace>
            </type>
            <value/>
        </namedTypedValue>
        <namedTypedValue>
            <name>selectedTabName</name>
            <type>
                <name>string</name>
                <namespace>http://www.w3.org/2001/XMLSchema</namespace>
            </type>
            <value/>
        </namedTypedValue>
        <namedTypedValue>
            <name>numberAction</name>
            <type>
                <name>int</name>
                <namespace>http://www.w3.org/2001/XMLSchema</namespace>
            </type>
        </namedTypedValue>
        <preferredEditor>interface</preferredEditor>
        <offlineEnabled>false</offlineEnabled>
        <isCustom>false</isCustom>
    </interface>
    <roleMap public="true">
        <role inherit="true" allowForAll="false" name="readers">
            <users/>
            <groups/>
        </role>
        <role inherit="true" allowForAll="false" name="authors">
            <users/>
            <groups/>
        </role>
        <role inherit="true" allowForAll="false" name="administrators">
            <users/>
            <groups/>
        </role>
        <role inherit="false" allowForAll="false" name="denyReaders">
            <users/>
            <groups/>
        </role>
        <role inherit="false" allowForAll="false" name="denyAuthors">
            <users/>
            <groups/>
        </role>
        <role inherit="false" allowForAll="false" name="denyAdministrators">
            <users/>
            <groups/>
        </role>
    </roleMap>
    <typedValue>
        <type>
            <name>RuleTestConfig?list</name>
            <namespace>http://www.appian.com/ae/types/2009</namespace>
        </type>
        <value>
            <el>
                <a:name/>
                <a:ruleInputTestConfigs>
                    <a:value xmlns:xsi="http://www.w3.org/2001/XMLSchema-instance" xsi:type="a:Expression">index({},1,null())</a:value>
                    <a:nameRef>selectedOption</a:nameRef>
                    <a:id>1</a:id>
                </a:ruleInputTestConfigs>
                <a:ruleInputTestConfigs>
                    <a:value xmlns:xsd="http://www.w3.org/2001/XMLSchema" xmlns:xsi="http://www.w3.org/2001/XMLSchema-instance" xsi:type="xsd:string"/>
                    <a:nameRef>selectedTabName</a:nameRef>
                    <a:id>2</a:id>
                </a:ruleInputTestConfigs>
                <a:ruleInputTestConfigs>
                    <a:value xmlns:xsd="http://www.w3.org/2001/XMLSchema" xmlns:xsi="http://www.w3.org/2001/XMLSchema-instance" xsi:nil="true" xsi:type="xsd:int"/>
                    <a:nameRef>numberAction</a:nameRef>
                    <a:id>3</a:id>
                </a:ruleInputTestConfigs>
                <a:assertions xmlns:xsi="http://www.w3.org/2001/XMLSchema-instance" xsi:nil="true"/>
            </el>
        </value>
    </typedValue>
    <history>
        <historyInfo versionUuid="_a-0000ec29-b861-8000-9c5e-011c48011c48_2850660"/>
    </history>
</contentHaul>
