<?xml version="1.0" encoding="UTF-8" standalone="yes"?>
<contentHaul xmlns:a="http://www.appian.com/ae/types/2009">
    <versionUuid>_a-0000ec29-b861-8000-9c5e-011c48011c48_2852968</versionUuid>
    <interface>
        <name>DCR_templateUIForAdmin</name>
        <uuid>_a-0000ec29-b861-8000-9c5e-011c48011c48_2850623</uuid>
        <description>Template UI for Admin</description>
        <parentUuid>ac9f0649-dc34-49a2-93c7-e4e8891c6615</parentUuid>
        <visibility>
            <advertise>false</advertise>
            <hierarchy>true</hierarchy>
            <indexable>true</indexable>
            <quota>false</quota>
            <searchable>true</searchable>
            <system>false</system>
            <unlogged>false</unlogged>
        </visibility>
        <definition> a!localVariables(
   local!tabs: {"Templates","Sections","Questions"},
   local!numberAction:0,
   local!selectedOption: index(
     {1,2,3},
     1,
     null
   ),
   local!selectedTabName: index(
     local!tabs,
     1,
     null
   ),
   #"SYSTEM_SYSRULES_headerContentLayout"(
     contents: #"SYSTEM_SYSRULES_columnsLayout"(
       columns: {
         #"SYSTEM_SYSRULES_columnLayout"(
           contents: #"_a-0000ec29-b861-8000-9c5e-011c48011c48_2850629"(
             selectedOption: local!selectedOption,
             selectedTabName: local!selectedTabName,
             numberAction: local!numberAction
           ),
           width: "NARROW"
         ),
         #"SYSTEM_SYSRULES_columnLayout"(
           contents: #"SYSTEM_SYSRULES_cardLayout"(
             contents: {
               choose(
                 wherecontains(
                   local!selectedTabName,
                   local!tabs
                 ),
                 #"_a-0000ec29-b861-8000-9c5e-011c48011c48_2850661"(),
                 #"_a-0000ec29-b861-8000-9c5e-011c48011c48_2852943"(),
                 #"_a-0000ec29-b861-8000-9c5e-011c48011c48_2850661"()
                 
               )
             },
             style: "TRANSPARENT",
             marginAbove: "STANDARD",
             showBorder: false
           ),
           width: "AUTO"
         )
       },
       marginAbove: "NONE",
       marginBelow: "NONE",
       spacing: "STANDARD",
       showDividers: false
     ),
     backgroundColor: "#f3f3f3",
     contentsPadding: "NONE",
     isHeaderFixed: "true"
   )
 ),</definition>
        <preferredEditor>interface</preferredEditor>
        <offlineEnabled>false</offlineEnabled>
        <isCustom>false</isCustom>
    </interface>
    <roleMap public="true">
        <role inherit="true" allowForAll="false" name="readers">
            <users/>
            <groups/>
        </role>
        <role inherit="true" allowForAll="false" name="authors">
            <users/>
            <groups/>
        </role>
        <role inherit="true" allowForAll="false" name="administrators">
            <users/>
            <groups/>
        </role>
        <role inherit="false" allowForAll="false" name="denyReaders">
            <users/>
            <groups/>
        </role>
        <role inherit="false" allowForAll="false" name="denyAuthors">
            <users/>
            <groups/>
        </role>
        <role inherit="false" allowForAll="false" name="denyAdministrators">
            <users/>
            <groups/>
        </role>
    </roleMap>
    <history>
        <historyInfo versionUuid="_a-0000ec29-b861-8000-9c5e-011c48011c48_2852968"/>
    </history>
</contentHaul>
