<?xml version="1.0" encoding="UTF-8" standalone="yes"?>
<contentHaul xmlns:a="http://www.appian.com/ae/types/2009">
    <versionUuid>afc19744-2bd1-419d-8020-e7d95a758d51</versionUuid>
    <rulesFolder>
        <name>DCR Rules &amp; Constants</name>
        <uuid>ac9f0649-dc34-49a2-93c7-e4e8891c6615</uuid>
        <description>Stores expression rules, interfaces, and constants for the application</description>
        <parentUuid>SYSTEM_RULES_ROOT</parentUuid>
        <visibility>
            <advertise>false</advertise>
            <hierarchy>true</hierarchy>
            <indexable>true</indexable>
            <quota>false</quota>
            <searchable>true</searchable>
            <system>false</system>
            <unlogged>false</unlogged>
        </visibility>
    </rulesFolder>
    <roleMap public="true">
        <role inherit="false" allowForAll="false" name="readers">
            <users/>
            <groups>
                <groupUuid>10c7e6df-ddd8-4267-ab03-272a3cb241df</groupUuid>
            </groups>
        </role>
        <role inherit="false" allowForAll="false" name="authors">
            <users/>
            <groups/>
        </role>
        <role inherit="false" allowForAll="false" name="administrators">
            <users/>
            <groups>
                <groupUuid>839b8276-38ad-49d7-96b6-3775afc2f7c1</groupUuid>
            </groups>
        </role>
        <role inherit="false" allowForAll="false" name="denyReaders">
            <users/>
            <groups/>
        </role>
        <role inherit="false" allowForAll="false" name="denyAuthors">
            <users/>
            <groups/>
        </role>
        <role inherit="false" allowForAll="false" name="denyAdministrators">
            <users/>
            <groups/>
        </role>
    </roleMap>
    <history>
        <historyInfo versionUuid="afc19744-2bd1-419d-8020-e7d95a758d51"/>
    </history>
</contentHaul>
