<?xml version="1.0" encoding="UTF-8" standalone="yes"?>
<contentHaul xmlns:a="http://www.appian.com/ae/types/2009">
    <versionUuid>_a-0000ec29-b861-8000-9c5e-011c48011c48_2854094</versionUuid>
    <interface>
        <name>DCR_CreateOrUpdateTemplate</name>
        <uuid>d6e8efc9-8590-4fab-a535-03c0c10c7b4a</uuid>
        <description>Form interface for creating or updating DCR Templates as an action</description>
        <parentUuid>ac9f0649-dc34-49a2-93c7-e4e8891c6615</parentUuid>
        <visibility>
            <advertise>false</advertise>
            <hierarchy>true</hierarchy>
            <indexable>true</indexable>
            <quota>false</quota>
            <searchable>true</searchable>
            <system>false</system>
            <unlogged>false</unlogged>
        </visibility>
        <definition>a!localVariables(
  local!isSection:false(),
  local!dcrSectionToTemplate,
  local!previewSection,
  local!isAdd,
  local!dcrSection:#"SYSTEM_SYSRULES_queryRecordType_v1"(
    recordType: #"urn:appian:record-type:v1:10994667-097d-4e53-bdfd-df1b31feb67e",
    pagingInfo: #"SYSTEM_SYSRULES_pagingInfo"(
      1,
      1000
    )
  ).data,
#"SYSTEM_SYSRULES_formLayout_v1"(
  label: if(
    ri!isUpdate,
    "Update Template",
    "Create Template"
  ),
  contents: {
    #"SYSTEM_SYSRULES_columnsLayout"(
      columns: {
        #"SYSTEM_SYSRULES_columnLayout"(
          contents: {
            #"SYSTEM_SYSRULES_textField"(
              label: "Name",
              labelPosition: "ABOVE",
              required: false,
              value: ri!record[#"urn:appian:record-field:v1:ae2a08da-a904-4404-8208-3f9ae918ca72/e94fd91f-919a-4ffd-a83c-97e8e57ea537"],
              saveInto: ri!record[#"urn:appian:record-field:v1:ae2a08da-a904-4404-8208-3f9ae918ca72/e94fd91f-919a-4ffd-a83c-97e8e57ea537"],
              characterLimit: 100
            ),
            }
        
    ),
    #"SYSTEM_SYSRULES_columnLayout"(
      contents: {
      #"SYSTEM_SYSRULES_paragraphField"(
        label: "Description",
      labelPosition: "ABOVE",
      required: false,
      value: ri!record[#"urn:appian:record-field:v1:ae2a08da-a904-4404-8208-3f9ae918ca72/e014dad4-d5cf-421e-8694-80be3d3454a2"],
      saveInto: ri!record[#"urn:appian:record-field:v1:ae2a08da-a904-4404-8208-3f9ae918ca72/e014dad4-d5cf-421e-8694-80be3d3454a2"],
      characterLimit: 100
      )
      }
    )
    }
    ),
    if(
      local!isSection,
      if(
        ri!isUpdate,
        #"SYSTEM_SYSRULES_sectionLayout_v1"(
          label: "section",
          labelSize: "MEDIUM_PLUS",
          labelColor: "STANDARD",
          labelHeadingTag: "H2",
          isCollapsible: false,
          contents: {
            #"SYSTEM_SYSRULES_gridLayout"(
              labelPosition: "COLLAPSED",
              height: "SHORT_PLUS",
              shadeAlternateRows: true,
              headerCells: {
                #"SYSTEM_SYSRULES_gridLayoutHeaderCell"(label: "Temp Mapping Id"),
                #"SYSTEM_SYSRULES_gridLayoutHeaderCell"(label: "Section Name"),
                #"SYSTEM_SYSRULES_gridLayoutHeaderCell"(label: "Sectionid"),
                #"SYSTEM_SYSRULES_gridLayoutHeaderCell"()
              },
              columnConfigs: {
                #"SYSTEM_SYSRULES_gridLayoutColumnConfig"(width: "DISTRIBUTE"),
                #"SYSTEM_SYSRULES_gridLayoutColumnConfig"(width: "DISTRIBUTE"),
                #"SYSTEM_SYSRULES_gridLayoutColumnConfig"(width: "DISTRIBUTE"),
                #"SYSTEM_SYSRULES_gridLayoutColumnConfig"(width: "ICON")
              },
              rows: #"SYSTEM_SYSRULES_forEach"(
                items: ri!record[#"urn:appian:record-relationship:v1:ae2a08da-a904-4404-8208-3f9ae918ca72/2daa1f9c-9eef-4ffc-bfaf-98cfb62bcebc"],
                expression: #"SYSTEM_SYSRULES_gridRowLayout"(
                  id: fv!index,
                  contents: {
                    #"SYSTEM_SYSRULES_integerField"(
                      readOnly: true,
                      value: fv!item[#"urn:appian:record-field:v1:4acef0cf-ee92-4474-a399-7eb80d71ee1c/6b6b1ddb-c24a-4b3e-9b7f-f5d966874aea"],
                      saveInto: fv!item[#"urn:appian:record-field:v1:4acef0cf-ee92-4474-a399-7eb80d71ee1c/6b6b1ddb-c24a-4b3e-9b7f-f5d966874aea"]
                    ),
                    #"SYSTEM_SYSRULES_textField"(
                      
                      value: index( local!dcrSection[#"urn:appian:record-field:v1:10994667-097d-4e53-bdfd-df1b31feb67e/742ef1f8-467a-445e-ba92-87818d6ff04b"],
                      wherecontains(
                        tointeger(fv!item[#"urn:appian:record-field:v1:4acef0cf-ee92-4474-a399-7eb80d71ee1c/e9d4d82a-d962-4ed6-9df2-4733143f0b8b"]),
                        tointeger( local!dcrSection[#"urn:appian:record-field:v1:10994667-097d-4e53-bdfd-df1b31feb67e/7919fb4d-560f-4cfa-83b9-7987cdddbdfd"])
                      )
                      ,{}),
                      
                    ),
                    #"SYSTEM_SYSRULES_integerField"(
                      readOnly: true,
                      value: fv!item[#"urn:appian:record-field:v1:4acef0cf-ee92-4474-a399-7eb80d71ee1c/e9d4d82a-d962-4ed6-9df2-4733143f0b8b"],
                      saveInto: fv!item[#"urn:appian:record-field:v1:4acef0cf-ee92-4474-a399-7eb80d71ee1c/e9d4d82a-d962-4ed6-9df2-4733143f0b8b"]
                    ),
                     #"SYSTEM_SYSRULES_imageField_v1"(
                      size: "ICON",
                      images: #"SYSTEM_SYSRULES_documentImage"(
                        document: #"SYSTEM_SYSRULES_iconIndicator"(icon: "REMOVE"),
                        altText: "Remove Row",
                        link: #"SYSTEM_SYSRULES_dynamicLink"(
                          value: fv!index,
                          saveInto: {
                            a!save(
                              ri!deletedSectionRecords,
                              fn!if(
                                a!isNotNullOrEmpty(ri!record[#"urn:appian:record-relationship:v1:ae2a08da-a904-4404-8208-3f9ae918ca72/2daa1f9c-9eef-4ffc-bfaf-98cfb62bcebc"][save!value][#"urn:appian:record-field:v1:4acef0cf-ee92-4474-a399-7eb80d71ee1c/6b6b1ddb-c24a-4b3e-9b7f-f5d966874aea"]),
                                append(ri!deletedSectionRecords, ri!record[#"urn:appian:record-relationship:v1:ae2a08da-a904-4404-8208-3f9ae918ca72/2daa1f9c-9eef-4ffc-bfaf-98cfb62bcebc"][save!value]),
                                ri!deletedSectionRecords
                              )
                            ),
                            a!save(
                              ri!record[#"urn:appian:record-relationship:v1:ae2a08da-a904-4404-8208-3f9ae918ca72/2daa1f9c-9eef-4ffc-bfaf-98cfb62bcebc"],
                              remove(
                                ri!record[#"urn:appian:record-relationship:v1:ae2a08da-a904-4404-8208-3f9ae918ca72/2daa1f9c-9eef-4ffc-bfaf-98cfb62bcebc"],
                                save!value
                              )
                            )
                          }
                        )
                      )
                    )
                  }
                )
              ),
              addRowLink: #"SYSTEM_SYSRULES_dynamicLink"(
                label: "Add Row",
                value: {
                  #"urn:appian:record-relationship:v1:ae2a08da-a904-4404-8208-3f9ae918ca72/2daa1f9c-9eef-4ffc-bfaf-98cfb62bcebc": {
                    #"urn:appian:record-type:v1:4acef0cf-ee92-4474-a399-7eb80d71ee1c"()
                  }
                },
                saveInto: {
                  a!save(
                  ri!record[#"urn:appian:record-relationship:v1:ae2a08da-a904-4404-8208-3f9ae918ca72/2daa1f9c-9eef-4ffc-bfaf-98cfb62bcebc"],
                  append(
                    ri!record[#"urn:appian:record-relationship:v1:ae2a08da-a904-4404-8208-3f9ae918ca72/2daa1f9c-9eef-4ffc-bfaf-98cfb62bcebc"],
                    save!value
                  )
                ),
                a!save(local!isAdd,true())
                }
              )
            )
          }
        ),
      #"SYSTEM_SYSRULES_cardLayout"(
        
        contents: {
          #"SYSTEM_SYSRULES_columnsLayout"(
            columns: {
              #"SYSTEM_SYSRULES_columnLayout"(
                contents: {
                  #"SYSTEM_SYSRULES_multipleDropdownField_v1"(
                    label:"Add Section To Template",
                    placeholder: "Select",
                    data: #"urn:appian:record-type:v1:10994667-097d-4e53-bdfd-df1b31feb67e",
                    choiceLabels: #"urn:appian:record-field:v1:10994667-097d-4e53-bdfd-df1b31feb67e/742ef1f8-467a-445e-ba92-87818d6ff04b",
                    choiceValues: #"urn:appian:record-field:v1:10994667-097d-4e53-bdfd-df1b31feb67e/7919fb4d-560f-4cfa-83b9-7987cdddbdfd",
                    value:local!dcrSectionToTemplate,
                    saveInto: local!dcrSectionToTemplate
                  ),
                  #"SYSTEM_SYSRULES_richTextDisplayField"(
                    label: "Sections Selected",
                    value:{
                      #"SYSTEM_SYSRULES_richTextBulletedList"(
                        items: {
                          index(
                            local!dcrSection[#"urn:appian:record-field:v1:10994667-097d-4e53-bdfd-df1b31feb67e/742ef1f8-467a-445e-ba92-87818d6ff04b"],
                            wherecontains(
                              tointeger(local!dcrSectionToTemplate),
                              tointeger(local!dcrSection[#"urn:appian:record-field:v1:10994667-097d-4e53-bdfd-df1b31feb67e/7919fb4d-560f-4cfa-83b9-7987cdddbdfd"])
                            ),
                            {}
                          )
                        }
                      )
                    }
                  )
                }
              ),
            
            }
          )
        }
      ),
      ),
    {}
    ),
    #"SYSTEM_SYSRULES_sectionLayout_v1"(
      contents: {
        #"SYSTEM_SYSRULES_richTextDisplayField"(
          value: #"SYSTEM_SYSRULES_richTextItem_v1"(
            text:if(ri!isUpdate,"Edit Sections","Add Sections"),
            link: #"SYSTEM_SYSRULES_dynamicLink"(
              label: "Add Row",
             saveInto: 
              {
               a!save(local!isSection,true()),
             }
            )
          )
        )
      }
    ),
 
  },
  buttons: #"SYSTEM_SYSRULES_ButtonLayout"(
    primaryButtons: {
      #"SYSTEM_SYSRULES_buttonWidget_v1"(
        label: if(ri!isUpdate, "Save", "Create"),
        submit: true,
        validate: true,
        style: "SOLID",
        saveInto: {
          a!save(
          ri!dcrSection,
          index(
            local!dcrSection,local!dcrSectionToTemplate,null())
        ),
        a!save(
          ri!record[#"urn:appian:record-field:v1:ae2a08da-a904-4404-8208-3f9ae918ca72/2daa1f9c-9eef-4ffc-bfaf-98cfb62bcebc/e9d4d82a-d962-4ed6-9df2-4733143f0b8b"],
          local!dcrSectionToTemplate
        ),
        }
      )
    },
    secondaryButtons: {
      #"SYSTEM_SYSRULES_buttonWidget_v1"(
        label: "Cancel",
        value: true,
        saveInto: ri!cancel,
        submit: true,
        style: "OUTLINE",
        validate: false
      ),
      #"SYSTEM_SYSRULES_buttonWidget_v1"(
        label:"Preview",
        submit: false,
        value: "Preview",
        saveInto: {
          a!save(
            local!previewSection,
            true
          )
        },
        iconPosition:"START"
      ),
    }
  )
),

)</definition>
        <namedTypedValue>
            <name>record</name>
            <type>
                <name>ae2a08da-a904-4404-8208-3f9ae918ca72</name>
                <namespace>urn:com:appian:recordtype:datatype</namespace>
            </type>
        </namedTypedValue>
        <namedTypedValue>
            <name>deletedSectionRecords</name>
            <type>
                <name>4acef0cf-ee92-4474-a399-7eb80d71ee1c?list</name>
                <namespace>urn:com:appian:recordtype:datatype</namespace>
            </type>
        </namedTypedValue>
        <namedTypedValue>
            <name>cancel</name>
            <type>
                <name>boolean</name>
                <namespace>http://www.w3.org/2001/XMLSchema</namespace>
            </type>
        </namedTypedValue>
        <namedTypedValue>
            <name>isUpdate</name>
            <description>Tracks whether this form is being used to create a new record or update an existing one</description>
            <type>
                <name>boolean</name>
                <namespace>http://www.w3.org/2001/XMLSchema</namespace>
            </type>
        </namedTypedValue>
        <namedTypedValue>
            <name>dcrSection</name>
            <type>
                <name>10994667-097d-4e53-bdfd-df1b31feb67e</name>
                <namespace>urn:com:appian:recordtype:datatype</namespace>
            </type>
        </namedTypedValue>
        <namedTypedValue>
            <name>button_txt</name>
            <type>
                <name>string</name>
                <namespace>http://www.w3.org/2001/XMLSchema</namespace>
            </type>
            <value/>
        </namedTypedValue>
        <namedTypedValue>
            <name>dcrTemplateSection</name>
            <type>
                <name>4acef0cf-ee92-4474-a399-7eb80d71ee1c</name>
                <namespace>urn:com:appian:recordtype:datatype</namespace>
            </type>
        </namedTypedValue>
        <preferredEditor>interface</preferredEditor>
        <offlineEnabled>false</offlineEnabled>
        <isCustom>false</isCustom>
    </interface>
    <roleMap public="true">
        <role inherit="true" allowForAll="false" name="readers">
            <users/>
            <groups/>
        </role>
        <role inherit="true" allowForAll="false" name="authors">
            <users/>
            <groups/>
        </role>
        <role inherit="true" allowForAll="false" name="administrators">
            <users/>
            <groups/>
        </role>
        <role inherit="false" allowForAll="false" name="denyReaders">
            <users/>
            <groups/>
        </role>
        <role inherit="false" allowForAll="false" name="denyAuthors">
            <users/>
            <groups/>
        </role>
        <role inherit="false" allowForAll="false" name="denyAdministrators">
            <users/>
            <groups/>
        </role>
    </roleMap>
    <history>
        <historyInfo versionUuid="b8aa3db1-0733-4be4-b5c0-403fd350bd9a"/>
        <historyInfo versionUuid="_a-0000ec29-b861-8000-9c5e-011c48011c48_2854094"/>
    </history>
</contentHaul>
