<?xml version="1.0" encoding="UTF-8" standalone="yes"?>
<contentHaul xmlns:a="http://www.appian.com/ae/types/2009">
    <versionUuid>733cca60-3612-4734-bf70-7c9a1f7709f8</versionUuid>
    <interface>
        <name>DCR_UpdateSection</name>
        <uuid>da4e7a6b-7ac7-472a-b344-71ea14f53fc3</uuid>
        <description>Form interface for updating DCR Sections as an action</description>
        <parentUuid>ac9f0649-dc34-49a2-93c7-e4e8891c6615</parentUuid>
        <visibility>
            <advertise>false</advertise>
            <hierarchy>true</hierarchy>
            <indexable>true</indexable>
            <quota>false</quota>
            <searchable>true</searchable>
            <system>false</system>
            <unlogged>false</unlogged>
        </visibility>
        <definition>#"SYSTEM_SYSRULES_formLayout_v1"(
  label: "Update Section",
  contents: {
    #"SYSTEM_SYSRULES_columnsLayout"(
      columns: {
        #"SYSTEM_SYSRULES_columnLayout"(
          contents: {
            #"SYSTEM_SYSRULES_textField"(
              label: "Name",
              labelPosition: "ABOVE",
              required: false,
              value: ri!record[#"urn:appian:record-field:v1:10994667-097d-4e53-bdfd-df1b31feb67e/742ef1f8-467a-445e-ba92-87818d6ff04b"],
              saveInto: ri!record[#"urn:appian:record-field:v1:10994667-097d-4e53-bdfd-df1b31feb67e/742ef1f8-467a-445e-ba92-87818d6ff04b"],
              characterLimit: 100
            )
          }
        ),
        #"SYSTEM_SYSRULES_columnLayout"(
          contents: {
            #"SYSTEM_SYSRULES_textField"(
              label: "Description",
              labelPosition: "ABOVE",
              required: false,
              value: ri!record[#"urn:appian:record-field:v1:10994667-097d-4e53-bdfd-df1b31feb67e/126124bb-32f4-40fb-a4b6-921bb9c51ee5"],
              saveInto: ri!record[#"urn:appian:record-field:v1:10994667-097d-4e53-bdfd-df1b31feb67e/126124bb-32f4-40fb-a4b6-921bb9c51ee5"],
              characterLimit: 100
            )
          }
        )
      }
    ),
    #"SYSTEM_SYSRULES_sectionLayout_v1"(
      label: "sectionquestionmapping",
      labelSize: "MEDIUM_PLUS",
      labelColor: "STANDARD",
      labelHeadingTag: "H2",
      isCollapsible: false,
      contents: {
        #"SYSTEM_SYSRULES_gridLayout"(
          labelPosition: "COLLAPSED",
          height: "SHORT_PLUS",
          shadeAlternateRows: true,
          headerCells: {
            #"SYSTEM_SYSRULES_gridLayoutHeaderCell"(label: "Id"),
            #"SYSTEM_SYSRULES_gridLayoutHeaderCell"(label: "Questionid"),
            #"SYSTEM_SYSRULES_gridLayoutHeaderCell"()
          },
          columnConfigs: {
            #"SYSTEM_SYSRULES_gridLayoutColumnConfig"(width: "DISTRIBUTE"),
            #"SYSTEM_SYSRULES_gridLayoutColumnConfig"(width: "DISTRIBUTE"),
            #"SYSTEM_SYSRULES_gridLayoutColumnConfig"(width: "ICON")
          },
          rows: #"SYSTEM_SYSRULES_forEach"(
            items: ri!record[#"urn:appian:record-relationship:v1:10994667-097d-4e53-bdfd-df1b31feb67e/df4ff395-ccd7-420f-b22a-29765c22fbf7"],
            expression: #"SYSTEM_SYSRULES_gridRowLayout"(
              id: fv!index,
              contents: {
                #"SYSTEM_SYSRULES_integerField"(
                  readOnly: true,
                  value: fv!item[#"urn:appian:record-field:v1:739d2f58-c68e-46c8-aef1-6cc371d4a58d/92451376-5e48-4b6f-802e-12bb0917b1f4"],
                  saveInto: fv!item[#"urn:appian:record-field:v1:739d2f58-c68e-46c8-aef1-6cc371d4a58d/92451376-5e48-4b6f-802e-12bb0917b1f4"]
                ),
                #"SYSTEM_SYSRULES_integerField"(
                  value: fv!item[#"urn:appian:record-field:v1:739d2f58-c68e-46c8-aef1-6cc371d4a58d/b462141d-bcfa-498e-9c93-b6865c115096"],
                  saveInto: fv!item[#"urn:appian:record-field:v1:739d2f58-c68e-46c8-aef1-6cc371d4a58d/b462141d-bcfa-498e-9c93-b6865c115096"]
                ),
                #"SYSTEM_SYSRULES_imageField_v1"(
                  size: "ICON",
                  images: #"SYSTEM_SYSRULES_documentImage"(
                    document: #"SYSTEM_SYSRULES_iconIndicator"(icon: "REMOVE"),
                    altText: "Remove Row",
                    link: #"SYSTEM_SYSRULES_dynamicLink"(
                      value: fv!index,
                      saveInto: {
                        a!save(
                          ri!deletedSectionquestionmappingRecords,
                          fn!if(
                            a!isNotNullOrEmpty(ri!record[#"urn:appian:record-relationship:v1:10994667-097d-4e53-bdfd-df1b31feb67e/df4ff395-ccd7-420f-b22a-29765c22fbf7"][save!value][#"urn:appian:record-field:v1:739d2f58-c68e-46c8-aef1-6cc371d4a58d/92451376-5e48-4b6f-802e-12bb0917b1f4"]),
                            append(ri!deletedSectionquestionmappingRecords, ri!record[#"urn:appian:record-relationship:v1:10994667-097d-4e53-bdfd-df1b31feb67e/df4ff395-ccd7-420f-b22a-29765c22fbf7"][save!value]),
                            ri!deletedSectionquestionmappingRecords
                          )
                        ),
                        a!save(
                          ri!record[#"urn:appian:record-relationship:v1:10994667-097d-4e53-bdfd-df1b31feb67e/df4ff395-ccd7-420f-b22a-29765c22fbf7"],
                          remove(
                            ri!record[#"urn:appian:record-relationship:v1:10994667-097d-4e53-bdfd-df1b31feb67e/df4ff395-ccd7-420f-b22a-29765c22fbf7"],
                            save!value
                          )
                        )
                      }
                    )
                  )
                )
              }
            )
          ),
          addRowLink: #"SYSTEM_SYSRULES_dynamicLink"(
            label: "Add Row",
            value: {
              #"urn:appian:record-relationship:v1:10994667-097d-4e53-bdfd-df1b31feb67e/df4ff395-ccd7-420f-b22a-29765c22fbf7": {
                #"urn:appian:record-type:v1:739d2f58-c68e-46c8-aef1-6cc371d4a58d"()
              }
            },
            saveInto: a!save(
              ri!record[#"urn:appian:record-relationship:v1:10994667-097d-4e53-bdfd-df1b31feb67e/df4ff395-ccd7-420f-b22a-29765c22fbf7"],
              append(
                ri!record[#"urn:appian:record-relationship:v1:10994667-097d-4e53-bdfd-df1b31feb67e/df4ff395-ccd7-420f-b22a-29765c22fbf7"],
                save!value
              )
            )
          )
        )
      }
    ),
    #"SYSTEM_SYSRULES_sectionLayout_v1"(
      label: "dcrTemplatesectionmapping",
      labelSize: "MEDIUM_PLUS",
      labelColor: "STANDARD",
      labelHeadingTag: "H2",
      isCollapsible: false,
      contents: {
        #"SYSTEM_SYSRULES_gridLayout"(
          labelPosition: "COLLAPSED",
          height: "SHORT_PLUS",
          shadeAlternateRows: true,
          headerCells: {
            #"SYSTEM_SYSRULES_gridLayoutHeaderCell"(label: "Id"),
            #"SYSTEM_SYSRULES_gridLayoutHeaderCell"(label: "Templateid"),
            #"SYSTEM_SYSRULES_gridLayoutHeaderCell"()
          },
          columnConfigs: {
            #"SYSTEM_SYSRULES_gridLayoutColumnConfig"(width: "DISTRIBUTE"),
            #"SYSTEM_SYSRULES_gridLayoutColumnConfig"(width: "DISTRIBUTE"),
            #"SYSTEM_SYSRULES_gridLayoutColumnConfig"(width: "ICON")
          },
          rows: #"SYSTEM_SYSRULES_forEach"(
            items: ri!record[#"urn:appian:record-relationship:v1:10994667-097d-4e53-bdfd-df1b31feb67e/83cc2e62-d3ec-48b6-816d-45a14d5df12f"],
            expression: #"SYSTEM_SYSRULES_gridRowLayout"(
              id: fv!index,
              contents: {
                #"SYSTEM_SYSRULES_integerField"(
                  readOnly: true,
                  value: fv!item[#"urn:appian:record-field:v1:4acef0cf-ee92-4474-a399-7eb80d71ee1c/6b6b1ddb-c24a-4b3e-9b7f-f5d966874aea"],
                  saveInto: fv!item[#"urn:appian:record-field:v1:4acef0cf-ee92-4474-a399-7eb80d71ee1c/6b6b1ddb-c24a-4b3e-9b7f-f5d966874aea"]
                ),
                #"SYSTEM_SYSRULES_integerField"(
                  value: fv!item[#"urn:appian:record-field:v1:4acef0cf-ee92-4474-a399-7eb80d71ee1c/cade54f6-bd9b-45eb-9e06-eaef72132da8"],
                  saveInto: fv!item[#"urn:appian:record-field:v1:4acef0cf-ee92-4474-a399-7eb80d71ee1c/cade54f6-bd9b-45eb-9e06-eaef72132da8"]
                ),
                #"SYSTEM_SYSRULES_imageField_v1"(
                  size: "ICON",
                  images: #"SYSTEM_SYSRULES_documentImage"(
                    document: #"SYSTEM_SYSRULES_iconIndicator"(icon: "REMOVE"),
                    altText: "Remove Row",
                    link: #"SYSTEM_SYSRULES_dynamicLink"(
                      value: fv!index,
                      saveInto: {
                        a!save(
                          ri!deletedDcrTemplatesectionmappingRecords,
                          fn!if(
                            a!isNotNullOrEmpty(ri!record[#"urn:appian:record-relationship:v1:10994667-097d-4e53-bdfd-df1b31feb67e/83cc2e62-d3ec-48b6-816d-45a14d5df12f"][save!value][#"urn:appian:record-field:v1:4acef0cf-ee92-4474-a399-7eb80d71ee1c/6b6b1ddb-c24a-4b3e-9b7f-f5d966874aea"]),
                            append(ri!deletedDcrTemplatesectionmappingRecords, ri!record[#"urn:appian:record-relationship:v1:10994667-097d-4e53-bdfd-df1b31feb67e/83cc2e62-d3ec-48b6-816d-45a14d5df12f"][save!value]),
                            ri!deletedDcrTemplatesectionmappingRecords
                          )
                        ),
                        a!save(
                          ri!record[#"urn:appian:record-relationship:v1:10994667-097d-4e53-bdfd-df1b31feb67e/83cc2e62-d3ec-48b6-816d-45a14d5df12f"],
                          remove(
                            ri!record[#"urn:appian:record-relationship:v1:10994667-097d-4e53-bdfd-df1b31feb67e/83cc2e62-d3ec-48b6-816d-45a14d5df12f"],
                            save!value
                          )
                        )
                      }
                    )
                  )
                )
              }
            )
          ),
          addRowLink: #"SYSTEM_SYSRULES_dynamicLink"(
            label: "Add Row",
            value: {
              #"urn:appian:record-relationship:v1:10994667-097d-4e53-bdfd-df1b31feb67e/83cc2e62-d3ec-48b6-816d-45a14d5df12f": {
                #"urn:appian:record-type:v1:4acef0cf-ee92-4474-a399-7eb80d71ee1c"()
              }
            },
            saveInto: a!save(
              ri!record[#"urn:appian:record-relationship:v1:10994667-097d-4e53-bdfd-df1b31feb67e/83cc2e62-d3ec-48b6-816d-45a14d5df12f"],
              append(
                ri!record[#"urn:appian:record-relationship:v1:10994667-097d-4e53-bdfd-df1b31feb67e/83cc2e62-d3ec-48b6-816d-45a14d5df12f"],
                save!value
              )
            )
          )
        )
      }
    )
  },
  buttons: #"SYSTEM_SYSRULES_ButtonLayout"(
    primaryButtons: {
      #"SYSTEM_SYSRULES_buttonWidget_v1"(
        label: "Save",
        submit: true,
        validate: true,
        style: "SOLID"
      )
    },
    secondaryButtons: {
      #"SYSTEM_SYSRULES_buttonWidget_v1"(
        label: "Cancel",
        value: true,
        saveInto: ri!cancel,
        submit: true,
        style: "OUTLINE",
        validate: false
      )
    }
  )
)</definition>
        <namedTypedValue>
            <name>record</name>
            <type>
                <name>10994667-097d-4e53-bdfd-df1b31feb67e</name>
                <namespace>urn:com:appian:recordtype:datatype</namespace>
            </type>
        </namedTypedValue>
        <namedTypedValue>
            <name>deletedSectionquestionmappingRecords</name>
            <type>
                <name>739d2f58-c68e-46c8-aef1-6cc371d4a58d?list</name>
                <namespace>urn:com:appian:recordtype:datatype</namespace>
            </type>
        </namedTypedValue>
        <namedTypedValue>
            <name>deletedDcrTemplatesectionmappingRecords</name>
            <type>
                <name>4acef0cf-ee92-4474-a399-7eb80d71ee1c?list</name>
                <namespace>urn:com:appian:recordtype:datatype</namespace>
            </type>
        </namedTypedValue>
        <namedTypedValue>
            <name>cancel</name>
            <type>
                <name>boolean</name>
                <namespace>http://www.w3.org/2001/XMLSchema</namespace>
            </type>
        </namedTypedValue>
        <preferredEditor>interface</preferredEditor>
        <offlineEnabled>false</offlineEnabled>
        <isCustom>false</isCustom>
    </interface>
    <roleMap public="true">
        <role inherit="true" allowForAll="false" name="readers">
            <users/>
            <groups/>
        </role>
        <role inherit="true" allowForAll="false" name="authors">
            <users/>
            <groups/>
        </role>
        <role inherit="true" allowForAll="false" name="administrators">
            <users/>
            <groups/>
        </role>
        <role inherit="false" allowForAll="false" name="denyReaders">
            <users/>
            <groups/>
        </role>
        <role inherit="false" allowForAll="false" name="denyAuthors">
            <users/>
            <groups/>
        </role>
        <role inherit="false" allowForAll="false" name="denyAdministrators">
            <users/>
            <groups/>
        </role>
    </roleMap>
    <history>
        <historyInfo versionUuid="733cca60-3612-4734-bf70-7c9a1f7709f8"/>
    </history>
</contentHaul>
