<?xml version="1.0" encoding="UTF-8" standalone="yes"?>
<applicationPatches>
    <applicationPatch>
        <applicationUuid>d9fde87c-9a8b-4378-a76c-fa6a26250c85</applicationUuid>
        <packageInfo>
            <url></url>
        </packageInfo>
        <patchContents>
            <item>
                <type>content</type>
                <uuids>
                    <uuid>_a-0000ec29-b861-8000-9c5e-011c48011c48_2852943</uuid>
                </uuids>
            </item>
        </patchContents>
    </applicationPatch>
</applicationPatches>
