<?xml version="1.0" encoding="UTF-8" standalone="yes"?>
<applicationHaul xmlns:a="http://www.appian.com/ae/types/2009">
    <versionUuid>_a-0000ec29-b861-8000-9c5e-011c48011c48_2854192</versionUuid>
    <application>
        <name>Dynamic Content Representation </name>
        <uuid>d9fde87c-9a8b-4378-a76c-fa6a26250c85</uuid>
        <description>Dynamic Content Representation </description>
        <parentUuid>SYSTEM_APPLICATIONS_ROOT</parentUuid>
        <visibility>
            <advertise>false</advertise>
            <hierarchy>true</hierarchy>
            <indexable>true</indexable>
            <quota>false</quota>
            <searchable>true</searchable>
            <system>false</system>
            <unlogged>false</unlogged>
        </visibility>
        <urlIdentifier>e6cBAg</urlIdentifier>
        <published>false</published>
        <public>false</public>
        <prefix>DCR</prefix>
        <associatedObjects>
            <globalIdMap>
                <item>
                    <type>datatype</type>
                    <uuids/>
                </item>
                <item>
                    <type>dataStore</type>
                    <uuids/>
                </item>
                <item>
                    <type>user</type>
                    <uuids/>
                </item>
                <item>
                    <type>groupType</type>
                    <uuids/>
                </item>
                <item>
                    <type>group</type>
                    <uuids>
                        <uuid>839b8276-38ad-49d7-96b6-3775afc2f7c1</uuid>
                        <uuid>10c7e6df-ddd8-4267-ab03-272a3cb241df</uuid>
                    </uuids>
                </item>
                <item>
                    <type>content</type>
                    <uuids>
                        <uuid>ac9f0649-dc34-49a2-93c7-e4e8891c6615</uuid>
                        <uuid>3c19704c-cb83-4701-82f9-6d730fca6355</uuid>
                        <uuid>e9658dec-d0e2-4626-b02e-17b6cf89d1e9</uuid>
                        <uuid>8b58fc72-ed17-4da5-a72b-40212c93598f</uuid>
                        <uuid>_a-0000ec29-b861-8000-9c5e-011c48011c48_2841387</uuid>
                        <uuid>_a-0000ec29-b861-8000-9c5e-011c48011c48_2841399</uuid>
                        <uuid>_a-0000ec29-b861-8000-9c5e-011c48011c48_2841801</uuid>
                        <uuid>_a-0000ec29-b861-8000-9c5e-011c48011c48_2843350</uuid>
                        <uuid>_a-0000ec29-b861-8000-9c5e-011c48011c48_2843480</uuid>
                        <uuid>_a-0000ec29-b861-8000-9c5e-011c48011c48_2844545</uuid>
                        <uuid>_a-0000ec29-b861-8000-9c5e-011c48011c48_2847517</uuid>
                        <uuid>_a-0000ec29-b861-8000-9c5e-011c48011c48_2849845</uuid>
                        <uuid>_a-0000ec29-b861-8000-9c5e-011c48011c48_2850437</uuid>
                        <uuid>_a-0000ec29-b861-8000-9c5e-011c48011c48_2850456</uuid>
                        <uuid>_a-0000ec29-b861-8000-9c5e-011c48011c48_2850471</uuid>
                        <uuid>_a-0000ec29-b861-8000-9c5e-011c48011c48_2850483</uuid>
                        <uuid>_a-0000ec29-b861-8000-9c5e-011c48011c48_2850623</uuid>
                        <uuid>_a-0000ec29-b861-8000-9c5e-011c48011c48_2850629</uuid>
                        <uuid>_a-0000ec29-b861-8000-9c5e-011c48011c48_2850661</uuid>
                        <uuid>_a-0000ec29-b861-8000-9c5e-011c48011c48_2850671</uuid>
                        <uuid>9654e1f1-b322-47ab-aa5a-dea13cf41adc</uuid>
                        <uuid>d6e8efc9-8590-4fab-a535-03c0c10c7b4a</uuid>
                        <uuid>36e30256-c143-471e-a828-3144960001cd</uuid>
                        <uuid>_a-0000ec29-b861-8000-9c5e-011c48011c48_2851429</uuid>
                        <uuid>a2682c70-f2b1-44fb-a366-d19ec91ff36f</uuid>
                        <uuid>da4e7a6b-7ac7-472a-b344-71ea14f53fc3</uuid>
                        <uuid>_a-0000ec29-b861-8000-9c5e-011c48011c48_2852943</uuid>
                        <uuid>851d6285-19e5-4ac5-8d54-68925bf474f6</uuid>
                    </uuids>
                </item>
                <item>
                    <type>forum</type>
                    <uuids/>
                </item>
                <item>
                    <type>processModelFolder</type>
                    <uuids>
                        <uuid>812ffdbf-83a5-4abc-b929-4230adf3168c</uuid>
                    </uuids>
                </item>
                <item>
                    <type>processModel</type>
                    <uuids>
                        <uuid>0002ec56-de27-8000-b7b2-7f0000014e7a</uuid>
                        <uuid>0002ec5a-f397-8000-b7c7-7f0000014e7a</uuid>
                        <uuid>9c076874-b8f2-4c3a-8033-b0919f9542d1</uuid>
                        <uuid>ac225d3b-8fd7-4fd0-b3d7-1292e5ee56d2</uuid>
                        <uuid>6fbe74d9-63b5-4b9b-8453-a02680d92771</uuid>
                        <uuid>0005ec5d-af10-8000-b81d-7f0000014e7a</uuid>
                        <uuid>37572bc3-736c-4069-bed6-a7ab402652af</uuid>
                        <uuid>6ee1f751-b3f5-4a95-b93e-adec46220b18</uuid>
                        <uuid>0002ec60-221a-8000-b897-7f0000014e7a</uuid>
                    </uuids>
                </item>
                <item>
                    <type>portlet</type>
                    <uuids/>
                </item>
                <item>
                    <type>page</type>
                    <uuids/>
                </item>
                <item>
                    <type>application</type>
                    <uuids/>
                </item>
                <item>
                    <type>tempoFeed</type>
                    <uuids/>
                </item>
                <item>
                    <type>recordType</type>
                    <uuids>
                        <uuid>ae2a08da-a904-4404-8208-3f9ae918ca72</uuid>
                        <uuid>10994667-097d-4e53-bdfd-df1b31feb67e</uuid>
                        <uuid>e9fff480-6a64-4e41-9e96-812edab301b7</uuid>
                        <uuid>739d2f58-c68e-46c8-aef1-6cc371d4a58d</uuid>
                        <uuid>4acef0cf-ee92-4474-a399-7eb80d71ee1c</uuid>
                        <uuid>c6202e1d-5343-40bd-8dea-2bc0fd9f907f</uuid>
                        <uuid>abf8a6de-5ae7-44aa-9786-2768075f2784</uuid>
                        <uuid>0ba2b6b1-3d23-4d1f-9a01-0b77d05aff0a</uuid>
                        <uuid>933d511d-4a24-4da2-a058-c7f497bfd5c8</uuid>
                        <uuid>17a00621-47d3-4e2c-85f9-a5c545f719cc</uuid>
                    </uuids>
                </item>
                <item>
                    <type>recordField</type>
                    <uuids/>
                </item>
                <item>
                    <type>recordRelationship</type>
                    <uuids/>
                </item>
                <item>
                    <type>tempoReport</type>
                    <uuids/>
                </item>
                <item>
                    <type>taskReport</type>
                    <uuids/>
                </item>
                <item>
                    <type>webApi</type>
                    <uuids/>
                </item>
                <item>
                    <type>site</type>
                    <uuids>
                        <uuid>e1198613-dde7-4dd3-be11-37f5743b490a</uuid>
                        <uuid>1ca46e5b-01c6-4841-880c-e88ff628aac9</uuid>
                    </uuids>
                </item>
                <item>
                    <type>adminSetting</type>
                    <uuids/>
                </item>
                <item>
                    <type>thirdPartyCredentials</type>
                    <uuids/>
                </item>
                <item>
                    <type>dataSource</type>
                    <uuids/>
                </item>
                <item>
                    <type>embeddedSailTheme</type>
                    <uuids/>
                </item>
                <item>
                    <type>connectedSystem</type>
                    <uuids/>
                </item>
                <item>
                    <type>pluginInfo</type>
                    <uuids/>
                </item>
                <item>
                    <type>featureFlag</type>
                    <uuids/>
                </item>
                <item>
                    <type>designObjectReferenceImplementation</type>
                    <uuids/>
                </item>
                <item>
                    <type>aiSkill</type>
                    <uuids/>
                </item>
                <item>
                    <type>roboticTaskDesignObject</type>
                    <uuids/>
                </item>
                <item>
                    <type>robotPoolDesignObject</type>
                    <uuids/>
                </item>
                <item>
                    <type>portal</type>
                    <uuids/>
                </item>
                <item>
                    <type>translationSet</type>
                    <uuids/>
                </item>
                <item>
                    <type>translationString</type>
                    <uuids/>
                </item>
                <item>
                    <type>translationVariable</type>
                    <uuids/>
                </item>
            </globalIdMap>
        </associatedObjects>
        <applicationNavigation/>
        <applicationActions/>
        <associatedApplications>
            <globalIdMap>
                <item>
                    <type>datatype</type>
                    <uuids/>
                </item>
                <item>
                    <type>dataStore</type>
                    <uuids/>
                </item>
                <item>
                    <type>user</type>
                    <uuids/>
                </item>
                <item>
                    <type>groupType</type>
                    <uuids/>
                </item>
                <item>
                    <type>group</type>
                    <uuids/>
                </item>
                <item>
                    <type>content</type>
                    <uuids/>
                </item>
                <item>
                    <type>forum</type>
                    <uuids/>
                </item>
                <item>
                    <type>processModelFolder</type>
                    <uuids/>
                </item>
                <item>
                    <type>processModel</type>
                    <uuids/>
                </item>
                <item>
                    <type>portlet</type>
                    <uuids/>
                </item>
                <item>
                    <type>page</type>
                    <uuids/>
                </item>
                <item>
                    <type>application</type>
                    <uuids/>
                </item>
                <item>
                    <type>tempoFeed</type>
                    <uuids/>
                </item>
                <item>
                    <type>recordType</type>
                    <uuids/>
                </item>
                <item>
                    <type>recordField</type>
                    <uuids/>
                </item>
                <item>
                    <type>recordRelationship</type>
                    <uuids/>
                </item>
                <item>
                    <type>tempoReport</type>
                    <uuids/>
                </item>
                <item>
                    <type>taskReport</type>
                    <uuids/>
                </item>
                <item>
                    <type>webApi</type>
                    <uuids/>
                </item>
                <item>
                    <type>site</type>
                    <uuids/>
                </item>
                <item>
                    <type>adminSetting</type>
                    <uuids/>
                </item>
                <item>
                    <type>thirdPartyCredentials</type>
                    <uuids/>
                </item>
                <item>
                    <type>dataSource</type>
                    <uuids/>
                </item>
                <item>
                    <type>embeddedSailTheme</type>
                    <uuids/>
                </item>
                <item>
                    <type>connectedSystem</type>
                    <uuids/>
                </item>
                <item>
                    <type>pluginInfo</type>
                    <uuids/>
                </item>
                <item>
                    <type>featureFlag</type>
                    <uuids/>
                </item>
                <item>
                    <type>designObjectReferenceImplementation</type>
                    <uuids/>
                </item>
                <item>
                    <type>aiSkill</type>
                    <uuids/>
                </item>
                <item>
                    <type>roboticTaskDesignObject</type>
                    <uuids/>
                </item>
                <item>
                    <type>robotPoolDesignObject</type>
                    <uuids/>
                </item>
                <item>
                    <type>portal</type>
                    <uuids/>
                </item>
                <item>
                    <type>translationSet</type>
                    <uuids/>
                </item>
                <item>
                    <type>translationString</type>
                    <uuids/>
                </item>
                <item>
                    <type>translationVariable</type>
                    <uuids/>
                </item>
            </globalIdMap>
        </associatedApplications>
    </application>
    <roleMap>
        <contentRoleMap public="true">
            <role inherit="false" allowForAll="false" name="readers">
                <users/>
                <groups>
                    <groupUuid>10c7e6df-ddd8-4267-ab03-272a3cb241df</groupUuid>
                </groups>
            </role>
            <role inherit="false" allowForAll="false" name="authors">
                <users/>
                <groups/>
            </role>
            <role inherit="false" allowForAll="false" name="administrators">
                <users/>
                <groups>
                    <groupUuid>839b8276-38ad-49d7-96b6-3775afc2f7c1</groupUuid>
                </groups>
            </role>
            <role inherit="false" allowForAll="false" name="denyReaders">
                <users/>
                <groups/>
            </role>
            <role inherit="false" allowForAll="false" name="denyAuthors">
                <users/>
                <groups/>
            </role>
            <role inherit="false" allowForAll="false" name="denyAdministrators">
                <users/>
                <groups/>
            </role>
        </contentRoleMap>
    </roleMap>
    <defaultApplicationObjects>
        <object>
            <objectKey>defaultAdminsGroup</objectKey>
            <objectType>group</objectType>
            <objectUuid>839b8276-38ad-49d7-96b6-3775afc2f7c1</objectUuid>
        </object>
        <object>
            <objectKey>defaultUsersGroup</objectKey>
            <objectType>group</objectType>
            <objectUuid>10c7e6df-ddd8-4267-ab03-272a3cb241df</objectUuid>
        </object>
    </defaultApplicationObjects>
    <applicationDocumentation/>
    <history>
        <historyInfo versionUuid="d9fde87c-9a8b-4378-a76c-fa6a26250c85"/>
        <historyInfo versionUuid="_a-0000ec29-b861-8000-9c5e-011c48011c48_2854192"/>
    </history>
    <postDeploymentProcessData/>
</applicationHaul>
