<?xml version="1.0" encoding="UTF-8"?>
<recordTypeHaul xmlns:a="http://www.appian.com/ae/types/2009" xmlns:xsi="http://www.w3.org/2001/XMLSchema-instance">
  <versionUuid>900ab2bf-dddd-45af-ae33-141c17f1dab3</versionUuid>
  <recordType a:uuid="10994667-097d-4e53-bdfd-df1b31feb67e" name="DCR Section">
    <a:pluralName>DCR Sections</a:pluralName>
    <a:description/>
    <a:urlStub>mGqEuA</a:urlStub>
    <a:source xsi:type="a:RecordsReplica"/>
    <a:listViewTemplateExpr>#"SYSTEM_SYSRULES_recordGridField"(
  columns: {
    #"SYSTEM_SYSRULES_gridColumn"(
      label: "Id",
      sortField: 'recordType!{10994667-097d-4e53-bdfd-df1b31feb67e}DCR Section.fields.{7919fb4d-560f-4cfa-83b9-7987cdddbdfd}id',
      value: fv!row['recordType!{10994667-097d-4e53-bdfd-df1b31feb67e}DCR Section.fields.{7919fb4d-560f-4cfa-83b9-7987cdddbdfd}id'],
      align: "END"
    ),
    #"SYSTEM_SYSRULES_gridColumn"(
      label: "Name",
      sortField: 'recordType!{10994667-097d-4e53-bdfd-df1b31feb67e}DCR Section.fields.{742ef1f8-467a-445e-ba92-87818d6ff04b}name',
      value: #"SYSTEM_SYSRULES_linkField"(
        links: {
          #"SYSTEM_SYSRULES_recordLink"(
            label: fv!row['recordType!{10994667-097d-4e53-bdfd-df1b31feb67e}DCR Section.fields.{742ef1f8-467a-445e-ba92-87818d6ff04b}name'],
            recordType: #"urn:appian:record-type:v1:10994667-097d-4e53-bdfd-df1b31feb67e",
            identifier: fv!identifier
          )
        }
      )
    )
  },
  pageSize: 50,
  shadeAlternateRows: true
)</a:listViewTemplateExpr>
    <a:detailViewCfg>
      <a:nameExpr>#"SYSTEM_SYSRULES_rtd_getDefaultSummaryViewName"()</a:nameExpr>
      <a:uiExpr>#"851d6285-19e5-4ac5-8d54-68925bf474f6"(record: rv!record)</a:uiExpr>
      <a:visibilityExpr>=true()</a:visibilityExpr>
      <a:urlStub>summary</a:urlStub>
      <a:headerExpr/>
      <a:recordActionLaunchType>DIALOG</a:recordActionLaunchType>
      <a:recordUiSecurityType>EXPRESSION</a:recordUiSecurityType>
    </a:detailViewCfg>
    <a:relatedActionCfg a:uuid="eeaf5223-0286-4c09-8ec5-e44a168a6ea0">
      <a:target a:uuid="37572bc3-736c-4069-bed6-a7ab402652af" xsi:type="a:ProcessModel"/>
      <a:contextExpr>{
  record: rv!record,
  cancel: false()
}</a:contextExpr>
      <a:visibilityExpr/>
      <a:iconId>f1f8</a:iconId>
      <a:refId>refId-eeaf5223-0286-4c09-8ec5-e44a168a6ea0</a:refId>
      <a:staticTitleString>Delete Section</a:staticTitleString>
      <a:staticDescriptionString>Action to delete a Section</a:staticDescriptionString>
      <a:referenceKey>deleteSection</a:referenceKey>
      <a:dialogSize>SMALL</a:dialogSize>
      <a:showInRecordList>false</a:showInRecordList>
      <a:recordUiSecurityType>GUIDED</a:recordUiSecurityType>
      <a:securityCfg>
        <a:membershipFilter>{"type":"MEMBERSHIP_ALL","config":{"#v":[],"#t":"Variant?list"},"#t":"RecordRowLevelSecurityMembershipFilter"}</a:membershipFilter>
        <a:dataFilter>{"type":"ALLOW_ALL","config":{"#v":[],"#t":"Variant?list"},"#t":"RecordRowLevelSecurityDataFilter"}</a:dataFilter>
      </a:securityCfg>
    </a:relatedActionCfg>
    <a:relatedActionCfg a:uuid="6bb47121-6ad7-4191-a340-099fc6f004c4">
      <a:target a:uuid="0005ec5d-af10-8000-b81d-7f0000014e7a" xsi:type="a:ProcessModel"/>
      <a:contextExpr>{
  button_txt: null, /* Text */
  dcrSection: rv!record /* DCR Section */,
  isUpdate: true()
}</a:contextExpr>
      <a:visibilityExpr/>
      <a:iconId>f044</a:iconId>
      <a:refId>refId-6bb47121-6ad7-4191-a340-099fc6f004c4</a:refId>
      <a:staticTitleString>Update Section</a:staticTitleString>
      <a:staticDescriptionString>Action to update a Section</a:staticDescriptionString>
      <a:referenceKey>updateSection</a:referenceKey>
      <a:dialogSize>LARGE</a:dialogSize>
      <a:showInRecordList>false</a:showInRecordList>
      <a:recordUiSecurityType>GUIDED</a:recordUiSecurityType>
      <a:securityCfg>
        <a:membershipFilter>{"type":"MEMBERSHIP_ALL","config":{"#v":[],"#t":"Variant?list"},"#t":"RecordRowLevelSecurityMembershipFilter"}</a:membershipFilter>
        <a:dataFilter>{"type":"ALLOW_ALL","config":{"#v":[],"#t":"Variant?list"},"#t":"RecordRowLevelSecurityDataFilter"}</a:dataFilter>
      </a:securityCfg>
    </a:relatedActionCfg>
    <a:relatedActionCfg a:uuid="1150b371-2116-4c74-ba5b-ad0507ae5d5e">
      <a:target a:uuid="0002ec60-221a-8000-b897-7f0000014e7a" xsi:type="a:ProcessModel"/>
      <a:contextExpr>{
  record: rv!record /* DCR Section */
}</a:contextExpr>
      <a:visibilityExpr/>
      <a:iconId>f02d</a:iconId>
      <a:refId>refId-1150b371-2116-4c74-ba5b-ad0507ae5d5e</a:refId>
      <a:staticTitleString>Section Summary</a:staticTitleString>
      <a:staticDescriptionString/>
      <a:referenceKey>sectionSummary</a:referenceKey>
      <a:dialogSize>LARGE</a:dialogSize>
      <a:showInRecordList>false</a:showInRecordList>
      <a:recordUiSecurityType>GUIDED</a:recordUiSecurityType>
      <a:securityCfg>
        <a:membershipFilter>{"type":"MEMBERSHIP_ALL","config":{"#v":[],"#t":"Variant?list"},"#t":"RecordRowLevelSecurityMembershipFilter"}</a:membershipFilter>
        <a:dataFilter>{"type":"ALLOW_ALL","config":{"#v":[],"#t":"Variant?list"},"#t":"RecordRowLevelSecurityDataFilter"}</a:dataFilter>
      </a:securityCfg>
    </a:relatedActionCfg>
    <a:isSystem>false</a:isSystem>
    <a:dataSrcExpr/>
    <a:facetsListExpr/>
    <a:titleExpr>rv!record[#"urn:appian:record-field:v1:10994667-097d-4e53-bdfd-df1b31feb67e/742ef1f8-467a-445e-ba92-87818d6ff04b"]</a:titleExpr>
    <a:defaultFiltersExpr/>
    <a:layoutType>GRID</a:layoutType>
    <a:security>16383</a:security>
    <a:hideLatestNews>false</a:hideLatestNews>
    <a:hideNewsView>false</a:hideNewsView>
    <a:hideRelatedActionsView>false</a:hideRelatedActionsView>
    <a:isExportable>true</a:isExportable>
    <a:listViewSrcExpr/>
    <a:recordViewSrcExpr/>
    <a:recordListActionCfg a:uuid="85f1ea03-2ab7-4f33-a158-17add3dd3621">
      <a:staticTitle>Create Section</a:staticTitle>
      <a:staticDescription>Create new section</a:staticDescription>
      <a:iconId>f067</a:iconId>
      <a:target a:uuid="0005ec5d-af10-8000-b81d-7f0000014e7a" xsi:type="a:ProcessModel"/>
      <a:visibilityExpr/>
      <a:referenceKey>createSection</a:referenceKey>
      <a:dialogSize>MEDIUM</a:dialogSize>
      <a:showInRecordList>true</a:showInRecordList>
      <a:recordUiSecurityType>GUIDED</a:recordUiSecurityType>
      <a:securityCfg>
        <a:membershipFilter>{"type":"MEMBERSHIP_ALL","config":{"#v":[],"#t":"Variant?list"},"#t":"RecordRowLevelSecurityMembershipFilter"}</a:membershipFilter>
        <a:dataFilter>{"type":"ALLOW_ALL","config":{"#v":[],"#t":"Variant?list"},"#t":"RecordRowLevelSecurityDataFilter"}</a:dataFilter>
      </a:securityCfg>
    </a:recordListActionCfg>
    <a:recordRelationshipCfg>
      <uuid>df4ff395-ccd7-420f-b22a-29765c22fbf7</uuid>
      <relationshipName>sectionquestionmapping</relationshipName>
      <targetRecordTypeUuid>739d2f58-c68e-46c8-aef1-6cc371d4a58d</targetRecordTypeUuid>
      <relationshipType>ONE_TO_MANY</relationshipType>
      <relationshipData>{"sourceRecordTypeFieldUuid":"7919fb4d-560f-4cfa-83b9-7987cdddbdfd","targetRecordTypeFieldUuid":"cd96dc7d-03f7-474f-832b-83b6d9783be6","relationshipOperator":"1","joinTableSourceField":"","joinTableTargetField":""}</relationshipData>
      <updateBehavior>CASCADING</updateBehavior>
    </a:recordRelationshipCfg>
    <a:recordRelationshipCfg>
      <uuid>83cc2e62-d3ec-48b6-816d-45a14d5df12f</uuid>
      <relationshipName>dcrTemplatesectionmapping</relationshipName>
      <targetRecordTypeUuid>4acef0cf-ee92-4474-a399-7eb80d71ee1c</targetRecordTypeUuid>
      <relationshipType>ONE_TO_MANY</relationshipType>
      <relationshipData>{"sourceRecordTypeFieldUuid":"7919fb4d-560f-4cfa-83b9-7987cdddbdfd","targetRecordTypeFieldUuid":"e9d4d82a-d962-4ed6-9df2-4733143f0b8b","relationshipOperator":"1","joinTableSourceField":"","joinTableTargetField":""}</relationshipData>
      <updateBehavior>CASCADING</updateBehavior>
    </a:recordRelationshipCfg>
    <a:recordTypeSearchCfg>
      <searchFieldsSrc>DEFAULT</searchFieldsSrc>
      <placeholderSrc>DEFAULT</placeholderSrc>
      <placeholder/>
    </a:recordTypeSearchCfg>
    <a:iconId/>
    <a:listAutoRefreshInterval>0.0</a:listAutoRefreshInterval>
    <a:sourceConfiguration>
      <sourceUuid>DCR_Section@jdbc/Appian</sourceUuid>
      <sourceType>RDBMS_TABLE</sourceType>
      <sourceSubType>NONE</sourceSubType>
      <friendlyName>DCR_Section</friendlyName>
      <sourceFilterExpr/>
      <field>
        <uuid>7919fb4d-560f-4cfa-83b9-7987cdddbdfd</uuid>
        <type>{http://www.appian.com/ae/types/2009}Integer</type>
        <sourceFieldName>id</sourceFieldName>
        <sourceFieldType>INTEGER</sourceFieldType>
        <fieldName>id</fieldName>
        <displayName>Id</displayName>
        <isRecordId>true</isRecordId>
        <isUnique>true</isUnique>
        <isCustomField>false</isCustomField>
        <customFieldExpr/>
        <customFieldDefaultValueStr>null</customFieldDefaultValueStr>
        <fieldCalculationType>NA</fieldCalculationType>
        <fieldTemplateType>NA</fieldTemplateType>
        <isRollingSyncSortField>false</isRollingSyncSortField>
      </field>
      <field>
        <uuid>742ef1f8-467a-445e-ba92-87818d6ff04b</uuid>
        <type>{http://www.appian.com/ae/types/2009}Text</type>
        <sourceFieldName>name</sourceFieldName>
        <sourceFieldType>VARCHAR(100)</sourceFieldType>
        <fieldName>name</fieldName>
        <displayName>Name</displayName>
        <isRecordId>false</isRecordId>
        <isUnique>false</isUnique>
        <isCustomField>false</isCustomField>
        <customFieldExpr/>
        <customFieldDefaultValueStr>null</customFieldDefaultValueStr>
        <fieldCalculationType>NA</fieldCalculationType>
        <fieldTemplateType>NA</fieldTemplateType>
        <isRollingSyncSortField>false</isRollingSyncSortField>
      </field>
      <field>
        <uuid>126124bb-32f4-40fb-a4b6-921bb9c51ee5</uuid>
        <type>{http://www.appian.com/ae/types/2009}Text</type>
        <sourceFieldName>description</sourceFieldName>
        <sourceFieldType>VARCHAR(100)</sourceFieldType>
        <fieldName>description</fieldName>
        <displayName>Description</displayName>
        <isRecordId>false</isRecordId>
        <isUnique>false</isUnique>
        <isCustomField>false</isCustomField>
        <customFieldExpr/>
        <customFieldDefaultValueStr>null</customFieldDefaultValueStr>
        <fieldCalculationType>NA</fieldCalculationType>
        <fieldTemplateType>NA</fieldTemplateType>
        <isRollingSyncSortField>false</isRollingSyncSortField>
      </field>
      <uuid>516c7969-0e6a-4d96-97c1-cdcb4bb50077</uuid>
      <refreshSchedule>
        <frequency>DAILY</frequency>
        <value>{"hour":3,"minute":"00","amPM":"AM","timeZone":"IST","version":"v1"}</value>
        <activated>false</activated>
      </refreshSchedule>
      <skipFailureEnabled>true</skipFailureEnabled>
      <recordIdGeneratorUuid/>
    </a:sourceConfiguration>
    <a:enabledFeatures>255</a:enabledFeatures>
    <a:isVisibleInRecordTypeList>false</a:isVisibleInRecordTypeList>
    <a:recordActionLaunchType>DIALOG</a:recordActionLaunchType>
    <a:showSearchBox>true</a:showSearchBox>
    <a:isVisibleInDataFabric>false</a:isVisibleInDataFabric>
    <a:usesRollingSyncLimit>false</a:usesRollingSyncLimit>
    <a:usesRecoverySync>false</a:usesRecoverySync>
  </recordType>
  <roleMap>
    <role name="record_type_administrator">
      <users/>
      <groups>
        <groupUuid>839b8276-38ad-49d7-96b6-3775afc2f7c1</groupUuid>
      </groups>
    </role>
    <role name="record_type_viewer">
      <users/>
      <groups>
        <groupUuid>10c7e6df-ddd8-4267-ab03-272a3cb241df</groupUuid>
      </groups>
    </role>
  </roleMap>
  <history>
    <historyInfo versionUuid="3fb7fdfe-2aaa-43fc-bfa2-9e2c9e942b89"/>
    <historyInfo versionUuid="10e661b3-c394-47ef-a2e2-0eff429463bf"/>
    <historyInfo versionUuid="900ab2bf-dddd-45af-ae33-141c17f1dab3"/>
  </history>
  <migrationVersion>1</migrationVersion>
</recordTypeHaul>
