<?xml version="1.0" encoding="UTF-8"?>
<recordTypeHaul xmlns:a="http://www.appian.com/ae/types/2009" xmlns:xsi="http://www.w3.org/2001/XMLSchema-instance">
  <versionUuid>a49b3ee3-c608-4287-8bb0-ea6e6af31ef3</versionUuid>
  <recordType a:uuid="17a00621-47d3-4e2c-85f9-a5c545f719cc" name="DCR Reference">
    <a:pluralName>DCR References</a:pluralName>
    <a:description/>
    <a:urlStub>Ucp6Sw</a:urlStub>
    <a:source xsi:type="a:RecordsReplica"/>
    <a:listViewTemplateExpr>#"SYSTEM_SYSRULES_recordGridField"(
  columns: {
    #"SYSTEM_SYSRULES_gridColumn"(
      label: "Id",
      sortField: 'recordType!{17a00621-47d3-4e2c-85f9-a5c545f719cc}DCR Reference.fields.{30eb1c8a-0e10-44f3-8126-eef4b39cb33b}id',
      value: fv!row['recordType!{17a00621-47d3-4e2c-85f9-a5c545f719cc}DCR Reference.fields.{30eb1c8a-0e10-44f3-8126-eef4b39cb33b}id'],
      align: "END"
    ),
    #"SYSTEM_SYSRULES_gridColumn"(
      label: "Type",
      sortField: 'recordType!{17a00621-47d3-4e2c-85f9-a5c545f719cc}DCR Reference.fields.{c261bb51-8724-4ac8-baf0-d09aaff8fc18}type',
      value: #"SYSTEM_SYSRULES_linkField"(
        links: {
          #"SYSTEM_SYSRULES_recordLink"(
            label: fv!row['recordType!{17a00621-47d3-4e2c-85f9-a5c545f719cc}DCR Reference.fields.{c261bb51-8724-4ac8-baf0-d09aaff8fc18}type'],
            recordType: #"urn:appian:record-type:v1:17a00621-47d3-4e2c-85f9-a5c545f719cc",
            identifier: fv!identifier
          )
        }
      )
    ),
    #"SYSTEM_SYSRULES_gridColumn"(
      label: "Value",
      sortField: 'recordType!{17a00621-47d3-4e2c-85f9-a5c545f719cc}DCR Reference.fields.{2dc71df9-2003-42b5-8319-78cf531c0983}value',
      value: fv!row['recordType!{17a00621-47d3-4e2c-85f9-a5c545f719cc}DCR Reference.fields.{2dc71df9-2003-42b5-8319-78cf531c0983}value']
    )
  },
  pageSize: 50,
  shadeAlternateRows: true
)</a:listViewTemplateExpr>
    <a:detailViewCfg>
      <a:nameExpr>#"SYSTEM_SYSRULES_rtd_getDefaultSummaryViewName"()</a:nameExpr>
      <a:uiExpr/>
      <a:visibilityExpr>=true()</a:visibilityExpr>
      <a:urlStub>summary</a:urlStub>
      <a:headerExpr/>
      <a:recordActionLaunchType>DIALOG</a:recordActionLaunchType>
      <a:recordUiSecurityType>EXPRESSION</a:recordUiSecurityType>
    </a:detailViewCfg>
    <a:isSystem>false</a:isSystem>
    <a:dataSrcExpr/>
    <a:facetsListExpr/>
    <a:titleExpr>rv!record[#"urn:appian:record-field:v1:17a00621-47d3-4e2c-85f9-a5c545f719cc/c261bb51-8724-4ac8-baf0-d09aaff8fc18"]</a:titleExpr>
    <a:defaultFiltersExpr/>
    <a:layoutType>GRID</a:layoutType>
    <a:security>16383</a:security>
    <a:hideLatestNews>false</a:hideLatestNews>
    <a:hideNewsView>false</a:hideNewsView>
    <a:hideRelatedActionsView>false</a:hideRelatedActionsView>
    <a:isExportable>true</a:isExportable>
    <a:listViewSrcExpr/>
    <a:recordViewSrcExpr/>
    <a:recordTypeSearchCfg>
      <searchFieldsSrc>DEFAULT</searchFieldsSrc>
      <placeholderSrc>DEFAULT</placeholderSrc>
      <placeholder/>
    </a:recordTypeSearchCfg>
    <a:iconId/>
    <a:listAutoRefreshInterval>0.0</a:listAutoRefreshInterval>
    <a:sourceConfiguration>
      <sourceUuid>DCR_Reference@jdbc/Appian</sourceUuid>
      <sourceType>RDBMS_TABLE</sourceType>
      <sourceSubType>NONE</sourceSubType>
      <friendlyName>DCR_Reference</friendlyName>
      <sourceFilterExpr/>
      <field>
        <uuid>30eb1c8a-0e10-44f3-8126-eef4b39cb33b</uuid>
        <type>{http://www.appian.com/ae/types/2009}Integer</type>
        <sourceFieldName>id</sourceFieldName>
        <sourceFieldType>INTEGER</sourceFieldType>
        <fieldName>id</fieldName>
        <displayName>Id</displayName>
        <isRecordId>true</isRecordId>
        <isUnique>true</isUnique>
        <isCustomField>false</isCustomField>
        <customFieldExpr/>
        <fieldCalculationType>NA</fieldCalculationType>
        <fieldTemplateType>NA</fieldTemplateType>
        <isRollingSyncSortField>false</isRollingSyncSortField>
      </field>
      <field>
        <uuid>c261bb51-8724-4ac8-baf0-d09aaff8fc18</uuid>
        <type>{http://www.appian.com/ae/types/2009}Text</type>
        <sourceFieldName>type</sourceFieldName>
        <sourceFieldType>VARCHAR(50)</sourceFieldType>
        <fieldName>type</fieldName>
        <displayName>Type</displayName>
        <isRecordId>false</isRecordId>
        <isUnique>false</isUnique>
        <isCustomField>false</isCustomField>
        <customFieldExpr/>
        <fieldCalculationType>NA</fieldCalculationType>
        <fieldTemplateType>NA</fieldTemplateType>
        <isRollingSyncSortField>false</isRollingSyncSortField>
      </field>
      <field>
        <uuid>2dc71df9-2003-42b5-8319-78cf531c0983</uuid>
        <type>{http://www.appian.com/ae/types/2009}Text</type>
        <sourceFieldName>value</sourceFieldName>
        <sourceFieldType>VARCHAR(100)</sourceFieldType>
        <fieldName>value</fieldName>
        <displayName>Value</displayName>
        <isRecordId>false</isRecordId>
        <isUnique>false</isUnique>
        <isCustomField>false</isCustomField>
        <customFieldExpr/>
        <fieldCalculationType>NA</fieldCalculationType>
        <fieldTemplateType>NA</fieldTemplateType>
        <isRollingSyncSortField>false</isRollingSyncSortField>
      </field>
      <uuid>956bf35d-afa6-48f2-8d15-fcecfd2ec0b0</uuid>
      <refreshSchedule>
        <frequency>DAILY</frequency>
        <value>{"hour":3,"minute":"00","amPM":"AM","timeZone":"IST","version":"v1"}</value>
        <activated>false</activated>
      </refreshSchedule>
      <skipFailureEnabled>true</skipFailureEnabled>
      <recordIdGeneratorUuid/>
    </a:sourceConfiguration>
    <a:enabledFeatures>255</a:enabledFeatures>
    <a:isVisibleInRecordTypeList>false</a:isVisibleInRecordTypeList>
    <a:recordActionLaunchType>DIALOG</a:recordActionLaunchType>
    <a:showSearchBox>true</a:showSearchBox>
    <a:isVisibleInDataFabric>false</a:isVisibleInDataFabric>
    <a:usesRollingSyncLimit>false</a:usesRollingSyncLimit>
    <a:usesRecoverySync>false</a:usesRecoverySync>
  </recordType>
  <roleMap>
    <role name="record_type_administrator">
      <users/>
      <groups>
        <groupUuid>839b8276-38ad-49d7-96b6-3775afc2f7c1</groupUuid>
      </groups>
    </role>
    <role name="record_type_viewer">
      <users/>
      <groups>
        <groupUuid>10c7e6df-ddd8-4267-ab03-272a3cb241df</groupUuid>
      </groups>
    </role>
  </roleMap>
  <history>
    <historyInfo versionUuid="a49b3ee3-c608-4287-8bb0-ea6e6af31ef3"/>
  </history>
  <migrationVersion>1</migrationVersion>
</recordTypeHaul>
