<?xml version="1.0" encoding="UTF-8"?>
<recordTypeHaul xmlns:a="http://www.appian.com/ae/types/2009" xmlns:xsi="http://www.w3.org/2001/XMLSchema-instance">
  <versionUuid>c5f5eaa4-6bc0-4214-8c7b-516e285af438</versionUuid>
  <recordType a:uuid="4acef0cf-ee92-4474-a399-7eb80d71ee1c" name="DCR TemplateSectionMapping">
    <a:pluralName>DCR TemplateSectionMappings</a:pluralName>
    <a:description/>
    <a:urlStub>TTOytQ</a:urlStub>
    <a:source xsi:type="a:RecordsReplica"/>
    <a:listViewTemplateExpr>#"SYSTEM_SYSRULES_recordGridField"(
  columns: {
    #"SYSTEM_SYSRULES_gridColumn"(
      label: "Id",
      sortField: 'recordType!{4acef0cf-ee92-4474-a399-7eb80d71ee1c}DCR TemplateSectionMapping.fields.{6b6b1ddb-c24a-4b3e-9b7f-f5d966874aea}id',
      value: fv!row['recordType!{4acef0cf-ee92-4474-a399-7eb80d71ee1c}DCR TemplateSectionMapping.fields.{6b6b1ddb-c24a-4b3e-9b7f-f5d966874aea}id'],
      align: "END"
    ),
    #"SYSTEM_SYSRULES_gridColumn"(
      label: "Templateid",
      sortField: 'recordType!{4acef0cf-ee92-4474-a399-7eb80d71ee1c}DCR TemplateSectionMapping.fields.{cade54f6-bd9b-45eb-9e06-eaef72132da8}templateid',
      value: #"SYSTEM_SYSRULES_linkField"(
        links: {
          #"SYSTEM_SYSRULES_recordLink"(
            label: fv!row['recordType!{4acef0cf-ee92-4474-a399-7eb80d71ee1c}DCR TemplateSectionMapping.fields.{cade54f6-bd9b-45eb-9e06-eaef72132da8}templateid'],
            recordType: #"urn:appian:record-type:v1:4acef0cf-ee92-4474-a399-7eb80d71ee1c",
            identifier: fv!identifier
          )
        }
      ),
      align: "END"
    ),
    #"SYSTEM_SYSRULES_gridColumn"(
      label: "Sectionid",
      sortField: 'recordType!{4acef0cf-ee92-4474-a399-7eb80d71ee1c}DCR TemplateSectionMapping.fields.{e9d4d82a-d962-4ed6-9df2-4733143f0b8b}sectionid',
      value: fv!row['recordType!{4acef0cf-ee92-4474-a399-7eb80d71ee1c}DCR TemplateSectionMapping.fields.{e9d4d82a-d962-4ed6-9df2-4733143f0b8b}sectionid'],
      align: "END"
    )
  },
  pageSize: 50,
  shadeAlternateRows: true
)</a:listViewTemplateExpr>
    <a:fieldCfg a:uuid="173a4fe3-03f1-4343-bcf9-e86e1db25144" name="DCR Section">
      <a:description/>
      <a:sourceRef>7ad72e1a-899d-4690-af55-b5055294fd9a/742ef1f8-467a-445e-ba92-87818d6ff04b</a:sourceRef>
      <a:isSortable>false</a:isSortable>
      <a:isSearchable>false</a:isSearchable>
      <a:isFacet>true</a:isFacet>
      <a:facetType>CUSTOM_BUCKETS_CLOSED</a:facetType>
      <a:isExclusiveFacet>true</a:isExclusiveFacet>
      <a:facetLabelExpr>"Section"</a:facetLabelExpr>
      <a:sortOrderIndex>0</a:sortOrderIndex>
      <a:facetOrderIndex>0</a:facetOrderIndex>
      <a:visibilityExpr/>
      <a:defaultOptionExpr/>
      <a:allowMultipleSelections>true</a:allowMultipleSelections>
      <a:relatedRecordFieldUuid>7ad72e1a-899d-4690-af55-b5055294fd9a/742ef1f8-467a-445e-ba92-87818d6ff04b</a:relatedRecordFieldUuid>
      <a:relatedRecordUserFilterSort>ASCENDING</a:relatedRecordUserFilterSort>
    </a:fieldCfg>
    <a:detailViewCfg>
      <a:nameExpr>#"SYSTEM_SYSRULES_rtd_getDefaultSummaryViewName"()</a:nameExpr>
      <a:uiExpr/>
      <a:visibilityExpr>=true()</a:visibilityExpr>
      <a:urlStub>summary</a:urlStub>
      <a:headerExpr/>
      <a:recordActionLaunchType>DIALOG</a:recordActionLaunchType>
      <a:recordUiSecurityType>EXPRESSION</a:recordUiSecurityType>
    </a:detailViewCfg>
    <a:isSystem>false</a:isSystem>
    <a:dataSrcExpr/>
    <a:facetsListExpr/>
    <a:titleExpr>rv!record[#"urn:appian:record-field:v1:4acef0cf-ee92-4474-a399-7eb80d71ee1c/6b6b1ddb-c24a-4b3e-9b7f-f5d966874aea"]</a:titleExpr>
    <a:defaultFiltersExpr/>
    <a:layoutType>GRID</a:layoutType>
    <a:security>16383</a:security>
    <a:hideLatestNews>false</a:hideLatestNews>
    <a:hideNewsView>false</a:hideNewsView>
    <a:hideRelatedActionsView>false</a:hideRelatedActionsView>
    <a:isExportable>true</a:isExportable>
    <a:listViewSrcExpr/>
    <a:recordViewSrcExpr/>
    <a:recordRelationshipCfg>
      <uuid>7ad72e1a-899d-4690-af55-b5055294fd9a</uuid>
      <relationshipName>section</relationshipName>
      <targetRecordTypeUuid>10994667-097d-4e53-bdfd-df1b31feb67e</targetRecordTypeUuid>
      <relationshipType>MANY_TO_ONE</relationshipType>
      <relationshipData>{"sourceRecordTypeFieldUuid":"e9d4d82a-d962-4ed6-9df2-4733143f0b8b","targetRecordTypeFieldUuid":"7919fb4d-560f-4cfa-83b9-7987cdddbdfd","relationshipOperator":"1","joinTableSourceField":"","joinTableTargetField":""}</relationshipData>
      <updateBehavior>NON_CASCADING</updateBehavior>
    </a:recordRelationshipCfg>
    <a:recordTypeSearchCfg>
      <searchFieldsSrc>DEFAULT</searchFieldsSrc>
      <placeholderSrc>DEFAULT</placeholderSrc>
      <placeholder/>
    </a:recordTypeSearchCfg>
    <a:iconId/>
    <a:listAutoRefreshInterval>0.0</a:listAutoRefreshInterval>
    <a:sourceConfiguration>
      <sourceUuid>DCR_TemplateSectionMapping@jdbc/Appian</sourceUuid>
      <sourceType>RDBMS_TABLE</sourceType>
      <sourceSubType>NONE</sourceSubType>
      <friendlyName>DCR_TemplateSectionMapping</friendlyName>
      <sourceFilterExpr/>
      <field>
        <uuid>6b6b1ddb-c24a-4b3e-9b7f-f5d966874aea</uuid>
        <type>{http://www.appian.com/ae/types/2009}Integer</type>
        <sourceFieldName>id</sourceFieldName>
        <sourceFieldType>INTEGER</sourceFieldType>
        <fieldName>id</fieldName>
        <displayName>Id</displayName>
        <isRecordId>true</isRecordId>
        <isUnique>true</isUnique>
        <isCustomField>false</isCustomField>
        <customFieldExpr/>
        <customFieldDefaultValueStr>null</customFieldDefaultValueStr>
        <fieldCalculationType>NA</fieldCalculationType>
        <fieldTemplateType>NA</fieldTemplateType>
        <isRollingSyncSortField>false</isRollingSyncSortField>
      </field>
      <field>
        <uuid>cade54f6-bd9b-45eb-9e06-eaef72132da8</uuid>
        <type>{http://www.appian.com/ae/types/2009}Integer</type>
        <sourceFieldName>templateId</sourceFieldName>
        <sourceFieldType>INTEGER</sourceFieldType>
        <fieldName>templateid</fieldName>
        <displayName>Templateid</displayName>
        <isRecordId>false</isRecordId>
        <isUnique>false</isUnique>
        <isCustomField>false</isCustomField>
        <customFieldExpr/>
        <customFieldDefaultValueStr>null</customFieldDefaultValueStr>
        <fieldCalculationType>NA</fieldCalculationType>
        <fieldTemplateType>NA</fieldTemplateType>
        <isRollingSyncSortField>false</isRollingSyncSortField>
      </field>
      <field>
        <uuid>e9d4d82a-d962-4ed6-9df2-4733143f0b8b</uuid>
        <type>{http://www.appian.com/ae/types/2009}Integer</type>
        <sourceFieldName>sectionId</sourceFieldName>
        <sourceFieldType>INTEGER</sourceFieldType>
        <fieldName>sectionid</fieldName>
        <displayName>Sectionid</displayName>
        <isRecordId>false</isRecordId>
        <isUnique>false</isUnique>
        <isCustomField>false</isCustomField>
        <customFieldExpr/>
        <customFieldDefaultValueStr>null</customFieldDefaultValueStr>
        <fieldCalculationType>NA</fieldCalculationType>
        <fieldTemplateType>NA</fieldTemplateType>
        <isRollingSyncSortField>false</isRollingSyncSortField>
      </field>
      <uuid>6b98ee36-ebc5-407c-bddb-8b7d0a9f00f8</uuid>
      <refreshSchedule>
        <frequency>DAILY</frequency>
        <value>{"hour":3,"minute":"00","amPM":"AM","timeZone":"IST","version":"v1"}</value>
        <activated>false</activated>
      </refreshSchedule>
      <skipFailureEnabled>true</skipFailureEnabled>
      <recordIdGeneratorUuid/>
    </a:sourceConfiguration>
    <a:enabledFeatures>255</a:enabledFeatures>
    <a:isVisibleInRecordTypeList>false</a:isVisibleInRecordTypeList>
    <a:recordActionLaunchType>DIALOG</a:recordActionLaunchType>
    <a:showSearchBox>true</a:showSearchBox>
    <a:isVisibleInDataFabric>false</a:isVisibleInDataFabric>
    <a:usesRollingSyncLimit>false</a:usesRollingSyncLimit>
    <a:usesRecoverySync>false</a:usesRecoverySync>
  </recordType>
  <roleMap>
    <role name="record_type_administrator">
      <users/>
      <groups>
        <groupUuid>839b8276-38ad-49d7-96b6-3775afc2f7c1</groupUuid>
      </groups>
    </role>
    <role name="record_type_viewer">
      <users/>
      <groups>
        <groupUuid>10c7e6df-ddd8-4267-ab03-272a3cb241df</groupUuid>
      </groups>
    </role>
  </roleMap>
  <history>
    <historyInfo versionUuid="c5f5eaa4-6bc0-4214-8c7b-516e285af438"/>
  </history>
  <migrationVersion>1</migrationVersion>
</recordTypeHaul>
