<?xml version="1.0" encoding="UTF-8"?>
<recordTypeHaul xmlns:a="http://www.appian.com/ae/types/2009" xmlns:xsi="http://www.w3.org/2001/XMLSchema-instance">
  <versionUuid>bf51c74d-3e3f-44a5-8c55-e748bec63e1a</versionUuid>
  <recordType a:uuid="739d2f58-c68e-46c8-aef1-6cc371d4a58d" name="DCR SectionQuestionMapping">
    <a:pluralName>DCR SectionQuestionMappings</a:pluralName>
    <a:description/>
    <a:urlStub>ScqnwQ</a:urlStub>
    <a:source xsi:type="a:RecordsReplica"/>
    <a:listViewTemplateExpr>#"SYSTEM_SYSRULES_recordGridField"(
  columns: {
    #"SYSTEM_SYSRULES_gridColumn"(
      label: "Id",
      sortField: 'recordType!{739d2f58-c68e-46c8-aef1-6cc371d4a58d}DCR SectionQuestionMapping.fields.{92451376-5e48-4b6f-802e-12bb0917b1f4}id',
      value: fv!row['recordType!{739d2f58-c68e-46c8-aef1-6cc371d4a58d}DCR SectionQuestionMapping.fields.{92451376-5e48-4b6f-802e-12bb0917b1f4}id'],
      align: "END"
    ),
    #"SYSTEM_SYSRULES_gridColumn"(
      label: "Sectionid",
      sortField: 'recordType!{739d2f58-c68e-46c8-aef1-6cc371d4a58d}DCR SectionQuestionMapping.fields.{cd96dc7d-03f7-474f-832b-83b6d9783be6}sectionid',
      value: #"SYSTEM_SYSRULES_linkField"(
        links: {
          #"SYSTEM_SYSRULES_recordLink"(
            label: fv!row['recordType!{739d2f58-c68e-46c8-aef1-6cc371d4a58d}DCR SectionQuestionMapping.fields.{cd96dc7d-03f7-474f-832b-83b6d9783be6}sectionid'],
            recordType: #"urn:appian:record-type:v1:739d2f58-c68e-46c8-aef1-6cc371d4a58d",
            identifier: fv!identifier
          )
        }
      ),
      align: "END"
    ),
    #"SYSTEM_SYSRULES_gridColumn"(
      label: "Questionid",
      sortField: 'recordType!{739d2f58-c68e-46c8-aef1-6cc371d4a58d}DCR SectionQuestionMapping.fields.{b462141d-bcfa-498e-9c93-b6865c115096}questionid',
      value: fv!row['recordType!{739d2f58-c68e-46c8-aef1-6cc371d4a58d}DCR SectionQuestionMapping.fields.{b462141d-bcfa-498e-9c93-b6865c115096}questionid'],
      align: "END"
    )
  },
  pageSize: 50,
  shadeAlternateRows: true
)</a:listViewTemplateExpr>
    <a:fieldCfg a:uuid="36bdcbf1-e980-47a8-9691-48e13a47b86a" name="DCR Questions">
      <a:description/>
      <a:sourceRef>ee1755d8-9b4c-4bc1-b99d-5a3f82470c98/4fbceca6-00e1-46f4-bc99-8728f7f0aaaa</a:sourceRef>
      <a:isSortable>false</a:isSortable>
      <a:isSearchable>false</a:isSearchable>
      <a:isFacet>true</a:isFacet>
      <a:facetType>CUSTOM_BUCKETS_CLOSED</a:facetType>
      <a:isExclusiveFacet>true</a:isExclusiveFacet>
      <a:facetLabelExpr>"Questions"</a:facetLabelExpr>
      <a:sortOrderIndex>0</a:sortOrderIndex>
      <a:facetOrderIndex>0</a:facetOrderIndex>
      <a:visibilityExpr/>
      <a:defaultOptionExpr/>
      <a:allowMultipleSelections>true</a:allowMultipleSelections>
      <a:relatedRecordFieldUuid>ee1755d8-9b4c-4bc1-b99d-5a3f82470c98/4fbceca6-00e1-46f4-bc99-8728f7f0aaaa</a:relatedRecordFieldUuid>
      <a:relatedRecordUserFilterSort>ASCENDING</a:relatedRecordUserFilterSort>
    </a:fieldCfg>
    <a:detailViewCfg>
      <a:nameExpr>#"SYSTEM_SYSRULES_rtd_getDefaultSummaryViewName"()</a:nameExpr>
      <a:uiExpr/>
      <a:visibilityExpr>=true()</a:visibilityExpr>
      <a:urlStub>summary</a:urlStub>
      <a:headerExpr/>
      <a:recordActionLaunchType>DIALOG</a:recordActionLaunchType>
      <a:recordUiSecurityType>EXPRESSION</a:recordUiSecurityType>
    </a:detailViewCfg>
    <a:isSystem>false</a:isSystem>
    <a:dataSrcExpr/>
    <a:facetsListExpr/>
    <a:titleExpr>rv!record[#"urn:appian:record-field:v1:739d2f58-c68e-46c8-aef1-6cc371d4a58d/92451376-5e48-4b6f-802e-12bb0917b1f4"]</a:titleExpr>
    <a:defaultFiltersExpr/>
    <a:layoutType>GRID</a:layoutType>
    <a:security>16383</a:security>
    <a:hideLatestNews>false</a:hideLatestNews>
    <a:hideNewsView>false</a:hideNewsView>
    <a:hideRelatedActionsView>false</a:hideRelatedActionsView>
    <a:isExportable>true</a:isExportable>
    <a:listViewSrcExpr/>
    <a:recordViewSrcExpr/>
    <a:recordRelationshipCfg>
      <uuid>ee1755d8-9b4c-4bc1-b99d-5a3f82470c98</uuid>
      <relationshipName>questions</relationshipName>
      <targetRecordTypeUuid>e9fff480-6a64-4e41-9e96-812edab301b7</targetRecordTypeUuid>
      <relationshipType>MANY_TO_ONE</relationshipType>
      <relationshipData>{"sourceRecordTypeFieldUuid":"b462141d-bcfa-498e-9c93-b6865c115096","targetRecordTypeFieldUuid":"d2ac40b0-438a-446c-bfd3-d610ead17607","relationshipOperator":"1","joinTableSourceField":"","joinTableTargetField":""}</relationshipData>
      <updateBehavior>NON_CASCADING</updateBehavior>
    </a:recordRelationshipCfg>
    <a:recordTypeSearchCfg>
      <searchFieldsSrc>DEFAULT</searchFieldsSrc>
      <placeholderSrc>DEFAULT</placeholderSrc>
      <placeholder/>
    </a:recordTypeSearchCfg>
    <a:iconId/>
    <a:listAutoRefreshInterval>0.0</a:listAutoRefreshInterval>
    <a:sourceConfiguration>
      <sourceUuid>DCR_SectionQuestionMapping@jdbc/Appian</sourceUuid>
      <sourceType>RDBMS_TABLE</sourceType>
      <sourceSubType>NONE</sourceSubType>
      <friendlyName>DCR_SectionQuestionMapping</friendlyName>
      <sourceFilterExpr/>
      <field>
        <uuid>92451376-5e48-4b6f-802e-12bb0917b1f4</uuid>
        <type>{http://www.appian.com/ae/types/2009}Integer</type>
        <sourceFieldName>id</sourceFieldName>
        <sourceFieldType>INTEGER</sourceFieldType>
        <fieldName>id</fieldName>
        <displayName>Id</displayName>
        <isRecordId>true</isRecordId>
        <isUnique>true</isUnique>
        <isCustomField>false</isCustomField>
        <customFieldExpr/>
        <customFieldDefaultValueStr>null</customFieldDefaultValueStr>
        <fieldCalculationType>NA</fieldCalculationType>
        <fieldTemplateType>NA</fieldTemplateType>
        <isRollingSyncSortField>false</isRollingSyncSortField>
      </field>
      <field>
        <uuid>cd96dc7d-03f7-474f-832b-83b6d9783be6</uuid>
        <type>{http://www.appian.com/ae/types/2009}Integer</type>
        <sourceFieldName>sectionId</sourceFieldName>
        <sourceFieldType>INTEGER</sourceFieldType>
        <fieldName>sectionid</fieldName>
        <displayName>Sectionid</displayName>
        <isRecordId>false</isRecordId>
        <isUnique>false</isUnique>
        <isCustomField>false</isCustomField>
        <customFieldExpr/>
        <customFieldDefaultValueStr>null</customFieldDefaultValueStr>
        <fieldCalculationType>NA</fieldCalculationType>
        <fieldTemplateType>NA</fieldTemplateType>
        <isRollingSyncSortField>false</isRollingSyncSortField>
      </field>
      <field>
        <uuid>b462141d-bcfa-498e-9c93-b6865c115096</uuid>
        <type>{http://www.appian.com/ae/types/2009}Integer</type>
        <sourceFieldName>questionId</sourceFieldName>
        <sourceFieldType>INTEGER</sourceFieldType>
        <fieldName>questionid</fieldName>
        <displayName>Questionid</displayName>
        <isRecordId>false</isRecordId>
        <isUnique>false</isUnique>
        <isCustomField>false</isCustomField>
        <customFieldExpr/>
        <customFieldDefaultValueStr>null</customFieldDefaultValueStr>
        <fieldCalculationType>NA</fieldCalculationType>
        <fieldTemplateType>NA</fieldTemplateType>
        <isRollingSyncSortField>false</isRollingSyncSortField>
      </field>
      <uuid>f04bd34e-ba34-4822-b9c1-c08e4d1582e6</uuid>
      <refreshSchedule>
        <frequency>DAILY</frequency>
        <value>{"hour":3,"minute":"00","amPM":"AM","timeZone":"IST","version":"v1"}</value>
        <activated>false</activated>
      </refreshSchedule>
      <skipFailureEnabled>true</skipFailureEnabled>
      <recordIdGeneratorUuid/>
    </a:sourceConfiguration>
    <a:enabledFeatures>255</a:enabledFeatures>
    <a:isVisibleInRecordTypeList>false</a:isVisibleInRecordTypeList>
    <a:recordActionLaunchType>DIALOG</a:recordActionLaunchType>
    <a:showSearchBox>true</a:showSearchBox>
    <a:isVisibleInDataFabric>false</a:isVisibleInDataFabric>
    <a:usesRollingSyncLimit>false</a:usesRollingSyncLimit>
    <a:usesRecoverySync>false</a:usesRecoverySync>
  </recordType>
  <roleMap>
    <role name="record_type_administrator">
      <users/>
      <groups>
        <groupUuid>839b8276-38ad-49d7-96b6-3775afc2f7c1</groupUuid>
      </groups>
    </role>
    <role name="record_type_viewer">
      <users/>
      <groups>
        <groupUuid>10c7e6df-ddd8-4267-ab03-272a3cb241df</groupUuid>
      </groups>
    </role>
  </roleMap>
  <history>
    <historyInfo versionUuid="bf51c74d-3e3f-44a5-8c55-e748bec63e1a"/>
  </history>
  <migrationVersion>1</migrationVersion>
</recordTypeHaul>
