<?xml version="1.0" encoding="UTF-8"?>
<recordTypeHaul xmlns:a="http://www.appian.com/ae/types/2009" xmlns:xsi="http://www.w3.org/2001/XMLSchema-instance">
  <versionUuid>1ccc68f0-0a75-464b-a42b-6adeceeec7a0</versionUuid>
  <recordType a:uuid="933d511d-4a24-4da2-a058-c7f497bfd5c8" name="DCR Task">
    <a:pluralName>Tasks</a:pluralName>
    <a:description/>
    <a:urlStub>k6-DRw</a:urlStub>
    <a:source xsi:type="a:RecordsReplica"/>
    <a:listViewTemplateExpr>#"SYSTEM_SYSRULES_recordGridField"(
  columns: {
    #"SYSTEM_SYSRULES_gridColumn"(
      label: "Id",
      sortField: 'recordType!{933d511d-4a24-4da2-a058-c7f497bfd5c8}DCR Task.fields.{d648d4ba-5e3b-4057-8fb0-1047aa3800a6}id',
      value: fv!row['recordType!{933d511d-4a24-4da2-a058-c7f497bfd5c8}DCR Task.fields.{d648d4ba-5e3b-4057-8fb0-1047aa3800a6}id'],
      align: "END"
    ),
    #"SYSTEM_SYSRULES_gridColumn"(
      label: "Ddqid",
      sortField: 'recordType!{933d511d-4a24-4da2-a058-c7f497bfd5c8}DCR Task.fields.{c615a795-5208-41f2-a081-787df33616b4}ddqid',
      value: #"SYSTEM_SYSRULES_linkField"(
        links: {
          #"SYSTEM_SYSRULES_recordLink"(
            label: fv!row['recordType!{933d511d-4a24-4da2-a058-c7f497bfd5c8}DCR Task.fields.{c615a795-5208-41f2-a081-787df33616b4}ddqid'],
            recordType: #"urn:appian:record-type:v1:933d511d-4a24-4da2-a058-c7f497bfd5c8",
            identifier: fv!identifier
          )
        }
      ),
      align: "END"
    ),
    #"SYSTEM_SYSRULES_gridColumn"(
      label: "Templateid",
      sortField: 'recordType!{933d511d-4a24-4da2-a058-c7f497bfd5c8}DCR Task.fields.{1fae52ea-a2c0-45f0-a2b2-6efd96f4b448}templateid',
      value: fv!row['recordType!{933d511d-4a24-4da2-a058-c7f497bfd5c8}DCR Task.fields.{1fae52ea-a2c0-45f0-a2b2-6efd96f4b448}templateid'],
      align: "END"
    )
  },
  pageSize: 50,
  shadeAlternateRows: true
)</a:listViewTemplateExpr>
    <a:detailViewCfg>
      <a:nameExpr>#"SYSTEM_SYSRULES_rtd_getDefaultSummaryViewName"()</a:nameExpr>
      <a:uiExpr/>
      <a:visibilityExpr>=true()</a:visibilityExpr>
      <a:urlStub>summary</a:urlStub>
      <a:headerExpr/>
      <a:recordActionLaunchType>DIALOG</a:recordActionLaunchType>
      <a:recordUiSecurityType>EXPRESSION</a:recordUiSecurityType>
    </a:detailViewCfg>
    <a:isSystem>false</a:isSystem>
    <a:dataSrcExpr/>
    <a:facetsListExpr/>
    <a:titleExpr>rv!record[#"urn:appian:record-field:v1:933d511d-4a24-4da2-a058-c7f497bfd5c8/d648d4ba-5e3b-4057-8fb0-1047aa3800a6"]</a:titleExpr>
    <a:defaultFiltersExpr/>
    <a:layoutType>GRID</a:layoutType>
    <a:security>16383</a:security>
    <a:hideLatestNews>false</a:hideLatestNews>
    <a:hideNewsView>false</a:hideNewsView>
    <a:hideRelatedActionsView>false</a:hideRelatedActionsView>
    <a:isExportable>true</a:isExportable>
    <a:listViewSrcExpr/>
    <a:recordViewSrcExpr/>
    <a:recordTypeSearchCfg>
      <searchFieldsSrc>DEFAULT</searchFieldsSrc>
      <placeholderSrc>DEFAULT</placeholderSrc>
      <placeholder/>
    </a:recordTypeSearchCfg>
    <a:iconId/>
    <a:listAutoRefreshInterval>0.0</a:listAutoRefreshInterval>
    <a:sourceConfiguration>
      <sourceUuid>DCR Task@jdbc/Appian</sourceUuid>
      <sourceType>RDBMS_TABLE</sourceType>
      <sourceSubType>NONE</sourceSubType>
      <friendlyName>DCR Task</friendlyName>
      <sourceFilterExpr/>
      <field>
        <uuid>d648d4ba-5e3b-4057-8fb0-1047aa3800a6</uuid>
        <type>{http://www.appian.com/ae/types/2009}Integer</type>
        <sourceFieldName>id</sourceFieldName>
        <sourceFieldType>INTEGER</sourceFieldType>
        <fieldName>id</fieldName>
        <displayName>Id</displayName>
        <isRecordId>true</isRecordId>
        <isUnique>true</isUnique>
        <isCustomField>false</isCustomField>
        <customFieldExpr/>
        <fieldCalculationType>NA</fieldCalculationType>
        <fieldTemplateType>NA</fieldTemplateType>
        <isRollingSyncSortField>false</isRollingSyncSortField>
      </field>
      <field>
        <uuid>c615a795-5208-41f2-a081-787df33616b4</uuid>
        <type>{http://www.appian.com/ae/types/2009}Integer</type>
        <sourceFieldName>ddqId</sourceFieldName>
        <sourceFieldType>INTEGER</sourceFieldType>
        <fieldName>ddqid</fieldName>
        <displayName>Ddqid</displayName>
        <isRecordId>false</isRecordId>
        <isUnique>false</isUnique>
        <isCustomField>false</isCustomField>
        <customFieldExpr/>
        <fieldCalculationType>NA</fieldCalculationType>
        <fieldTemplateType>NA</fieldTemplateType>
        <isRollingSyncSortField>false</isRollingSyncSortField>
      </field>
      <field>
        <uuid>1fae52ea-a2c0-45f0-a2b2-6efd96f4b448</uuid>
        <type>{http://www.appian.com/ae/types/2009}Integer</type>
        <sourceFieldName>templateId</sourceFieldName>
        <sourceFieldType>INTEGER</sourceFieldType>
        <fieldName>templateid</fieldName>
        <displayName>Templateid</displayName>
        <isRecordId>false</isRecordId>
        <isUnique>false</isUnique>
        <isCustomField>false</isCustomField>
        <customFieldExpr/>
        <fieldCalculationType>NA</fieldCalculationType>
        <fieldTemplateType>NA</fieldTemplateType>
        <isRollingSyncSortField>false</isRollingSyncSortField>
      </field>
      <field>
        <uuid>6950f780-d640-417d-a07a-d497895adafd</uuid>
        <type>{http://www.appian.com/ae/types/2009}Text</type>
        <sourceFieldName>taskName</sourceFieldName>
        <sourceFieldType>VARCHAR(100)</sourceFieldType>
        <fieldName>taskname</fieldName>
        <isRecordId>false</isRecordId>
        <isUnique>false</isUnique>
        <isCustomField>false</isCustomField>
        <customFieldExpr/>
        <fieldCalculationType>NA</fieldCalculationType>
        <fieldTemplateType>NA</fieldTemplateType>
        <isRollingSyncSortField>false</isRollingSyncSortField>
      </field>
      <field>
        <uuid>2b5a940d-6d4e-41e4-987c-27dcd93cb1b1</uuid>
        <type>{http://www.appian.com/ae/types/2009}Datetime</type>
        <sourceFieldName>dueOn</sourceFieldName>
        <sourceFieldType>TIMESTAMP</sourceFieldType>
        <fieldName>dueon</fieldName>
        <isRecordId>false</isRecordId>
        <isUnique>false</isUnique>
        <isCustomField>false</isCustomField>
        <customFieldExpr/>
        <fieldCalculationType>NA</fieldCalculationType>
        <fieldTemplateType>NA</fieldTemplateType>
        <isRollingSyncSortField>false</isRollingSyncSortField>
      </field>
      <uuid>003a4bc8-f3fc-4d69-bdf5-8e10bc626b18</uuid>
      <refreshSchedule>
        <frequency>DAILY</frequency>
        <value>{"hour":3,"minute":"00","amPM":"AM","timeZone":"IST","version":"v1"}</value>
        <activated>false</activated>
      </refreshSchedule>
      <skipFailureEnabled>true</skipFailureEnabled>
      <recordIdGeneratorUuid/>
    </a:sourceConfiguration>
    <a:enabledFeatures>255</a:enabledFeatures>
    <a:isVisibleInRecordTypeList>false</a:isVisibleInRecordTypeList>
    <a:recordActionLaunchType>DIALOG</a:recordActionLaunchType>
    <a:showSearchBox>true</a:showSearchBox>
    <a:isVisibleInDataFabric>false</a:isVisibleInDataFabric>
    <a:usesRollingSyncLimit>false</a:usesRollingSyncLimit>
    <a:usesRecoverySync>false</a:usesRecoverySync>
  </recordType>
  <roleMap>
    <role name="record_type_administrator">
      <users/>
      <groups>
        <groupUuid>839b8276-38ad-49d7-96b6-3775afc2f7c1</groupUuid>
      </groups>
    </role>
    <role name="record_type_viewer">
      <users/>
      <groups>
        <groupUuid>10c7e6df-ddd8-4267-ab03-272a3cb241df</groupUuid>
      </groups>
    </role>
  </roleMap>
  <history>
    <historyInfo versionUuid="1ccc68f0-0a75-464b-a42b-6adeceeec7a0"/>
  </history>
  <migrationVersion>1</migrationVersion>
</recordTypeHaul>
