<?xml version="1.0" encoding="UTF-8"?>
<recordTypeHaul xmlns:a="http://www.appian.com/ae/types/2009" xmlns:xsi="http://www.w3.org/2001/XMLSchema-instance">
  <versionUuid>4946783e-951e-4047-bf26-c3ef7fe91e36</versionUuid>
  <recordType a:uuid="abf8a6de-5ae7-44aa-9786-2768075f2784" name="DCR DDQSectionMapping">
    <a:pluralName>DCR DDQSectionMappingS</a:pluralName>
    <a:description/>
    <a:urlStub>K7taPA</a:urlStub>
    <a:source xsi:type="a:RecordsReplica"/>
    <a:listViewTemplateExpr>#"SYSTEM_SYSRULES_recordGridField"(
  columns: {
    #"SYSTEM_SYSRULES_gridColumn"(
      label: "Id",
      sortField: 'recordType!{abf8a6de-5ae7-44aa-9786-2768075f2784}DCR DDQSectionMapping.fields.{0a01bd56-01d1-4fcd-9828-0ed93e4a890a}id',
      value: fv!row['recordType!{abf8a6de-5ae7-44aa-9786-2768075f2784}DCR DDQSectionMapping.fields.{0a01bd56-01d1-4fcd-9828-0ed93e4a890a}id'],
      align: "END"
    ),
    #"SYSTEM_SYSRULES_gridColumn"(
      label: "Ddqid",
      sortField: 'recordType!{abf8a6de-5ae7-44aa-9786-2768075f2784}DCR DDQSectionMapping.fields.{f504adfd-d8c8-4372-899f-8fef61801b28}ddqid',
      value: #"SYSTEM_SYSRULES_linkField"(
        links: {
          #"SYSTEM_SYSRULES_recordLink"(
            label: fv!row['recordType!{abf8a6de-5ae7-44aa-9786-2768075f2784}DCR DDQSectionMapping.fields.{f504adfd-d8c8-4372-899f-8fef61801b28}ddqid'],
            recordType: #"urn:appian:record-type:v1:abf8a6de-5ae7-44aa-9786-2768075f2784",
            identifier: fv!identifier
          )
        }
      ),
      align: "END"
    ),
    #"SYSTEM_SYSRULES_gridColumn"(
      label: "Sectionname",
      sortField: 'recordType!{abf8a6de-5ae7-44aa-9786-2768075f2784}DCR DDQSectionMapping.fields.{66f3c16b-93a0-4d6a-841b-50cd7d3efefe}sectionname',
      value: fv!row['recordType!{abf8a6de-5ae7-44aa-9786-2768075f2784}DCR DDQSectionMapping.fields.{66f3c16b-93a0-4d6a-841b-50cd7d3efefe}sectionname']
    ),
    #"SYSTEM_SYSRULES_gridColumn"(
      label: "Sectionid",
      sortField: 'recordType!{abf8a6de-5ae7-44aa-9786-2768075f2784}DCR DDQSectionMapping.fields.{0d04e9dd-71fb-4bbd-a9a6-c4242715d3ae}sectionid',
      value: fv!row['recordType!{abf8a6de-5ae7-44aa-9786-2768075f2784}DCR DDQSectionMapping.fields.{0d04e9dd-71fb-4bbd-a9a6-c4242715d3ae}sectionid'],
      align: "END"
    )
  },
  pageSize: 50,
  shadeAlternateRows: true
)</a:listViewTemplateExpr>
    <a:detailViewCfg>
      <a:nameExpr>#"SYSTEM_SYSRULES_rtd_getDefaultSummaryViewName"()</a:nameExpr>
      <a:uiExpr/>
      <a:visibilityExpr>=true()</a:visibilityExpr>
      <a:urlStub>summary</a:urlStub>
      <a:headerExpr/>
      <a:recordActionLaunchType>DIALOG</a:recordActionLaunchType>
      <a:recordUiSecurityType>EXPRESSION</a:recordUiSecurityType>
    </a:detailViewCfg>
    <a:isSystem>false</a:isSystem>
    <a:dataSrcExpr/>
    <a:facetsListExpr/>
    <a:titleExpr>rv!record[#"urn:appian:record-field:v1:abf8a6de-5ae7-44aa-9786-2768075f2784/66f3c16b-93a0-4d6a-841b-50cd7d3efefe"]</a:titleExpr>
    <a:defaultFiltersExpr/>
    <a:layoutType>GRID</a:layoutType>
    <a:security>16383</a:security>
    <a:hideLatestNews>false</a:hideLatestNews>
    <a:hideNewsView>false</a:hideNewsView>
    <a:hideRelatedActionsView>false</a:hideRelatedActionsView>
    <a:isExportable>true</a:isExportable>
    <a:listViewSrcExpr/>
    <a:recordViewSrcExpr/>
    <a:recordRelationshipCfg>
      <uuid>7473142a-132b-457f-a068-0547138cd3d6</uuid>
      <relationshipName>ddqquestionmapping</relationshipName>
      <targetRecordTypeUuid>0ba2b6b1-3d23-4d1f-9a01-0b77d05aff0a</targetRecordTypeUuid>
      <relationshipType>ONE_TO_MANY</relationshipType>
      <relationshipData>{"sourceRecordTypeFieldUuid":"0a01bd56-01d1-4fcd-9828-0ed93e4a890a","targetRecordTypeFieldUuid":"8a96c6f5-4d61-4852-88a3-1a765c8cf030","relationshipOperator":"1","joinTableSourceField":"","joinTableTargetField":""}</relationshipData>
      <updateBehavior>NON_CASCADING</updateBehavior>
    </a:recordRelationshipCfg>
    <a:recordTypeSearchCfg>
      <searchFieldsSrc>DEFAULT</searchFieldsSrc>
      <placeholderSrc>DEFAULT</placeholderSrc>
      <placeholder/>
    </a:recordTypeSearchCfg>
    <a:iconId/>
    <a:listAutoRefreshInterval>0.0</a:listAutoRefreshInterval>
    <a:sourceConfiguration>
      <sourceUuid>DCR_DDQSectionMapping@jdbc/Appian</sourceUuid>
      <sourceType>RDBMS_TABLE</sourceType>
      <sourceSubType>NONE</sourceSubType>
      <friendlyName>DCR_DDQSectionMapping</friendlyName>
      <sourceFilterExpr/>
      <field>
        <uuid>0a01bd56-01d1-4fcd-9828-0ed93e4a890a</uuid>
        <type>{http://www.appian.com/ae/types/2009}Integer</type>
        <sourceFieldName>id</sourceFieldName>
        <sourceFieldType>INTEGER</sourceFieldType>
        <fieldName>id</fieldName>
        <displayName>Id</displayName>
        <isRecordId>true</isRecordId>
        <isUnique>true</isUnique>
        <isCustomField>false</isCustomField>
        <customFieldExpr/>
        <customFieldDefaultValueStr>null</customFieldDefaultValueStr>
        <fieldCalculationType>NA</fieldCalculationType>
        <fieldTemplateType>NA</fieldTemplateType>
        <isRollingSyncSortField>false</isRollingSyncSortField>
      </field>
      <field>
        <uuid>f504adfd-d8c8-4372-899f-8fef61801b28</uuid>
        <type>{http://www.appian.com/ae/types/2009}Integer</type>
        <sourceFieldName>ddqId</sourceFieldName>
        <sourceFieldType>INTEGER</sourceFieldType>
        <fieldName>ddqid</fieldName>
        <displayName>Ddqid</displayName>
        <isRecordId>false</isRecordId>
        <isUnique>false</isUnique>
        <isCustomField>false</isCustomField>
        <customFieldExpr/>
        <customFieldDefaultValueStr>null</customFieldDefaultValueStr>
        <fieldCalculationType>NA</fieldCalculationType>
        <fieldTemplateType>NA</fieldTemplateType>
        <isRollingSyncSortField>false</isRollingSyncSortField>
      </field>
      <field>
        <uuid>66f3c16b-93a0-4d6a-841b-50cd7d3efefe</uuid>
        <type>{http://www.appian.com/ae/types/2009}Text</type>
        <sourceFieldName>sectionName</sourceFieldName>
        <sourceFieldType>VARCHAR(100)</sourceFieldType>
        <fieldName>sectionname</fieldName>
        <displayName>Sectionname</displayName>
        <isRecordId>false</isRecordId>
        <isUnique>false</isUnique>
        <isCustomField>false</isCustomField>
        <customFieldExpr/>
        <customFieldDefaultValueStr>null</customFieldDefaultValueStr>
        <fieldCalculationType>NA</fieldCalculationType>
        <fieldTemplateType>NA</fieldTemplateType>
        <isRollingSyncSortField>false</isRollingSyncSortField>
      </field>
      <field>
        <uuid>0d04e9dd-71fb-4bbd-a9a6-c4242715d3ae</uuid>
        <type>{http://www.appian.com/ae/types/2009}Integer</type>
        <sourceFieldName>sectionId</sourceFieldName>
        <sourceFieldType>INTEGER</sourceFieldType>
        <fieldName>sectionid</fieldName>
        <displayName>Sectionid</displayName>
        <isRecordId>false</isRecordId>
        <isUnique>false</isUnique>
        <isCustomField>false</isCustomField>
        <customFieldExpr/>
        <customFieldDefaultValueStr>null</customFieldDefaultValueStr>
        <fieldCalculationType>NA</fieldCalculationType>
        <fieldTemplateType>NA</fieldTemplateType>
        <isRollingSyncSortField>false</isRollingSyncSortField>
      </field>
      <uuid>545385af-8e4d-44af-9957-ee1f96f9cfe7</uuid>
      <refreshSchedule>
        <frequency>DAILY</frequency>
        <value>{"hour":3,"minute":"00","amPM":"AM","timeZone":"IST","version":"v1"}</value>
        <activated>false</activated>
      </refreshSchedule>
      <skipFailureEnabled>true</skipFailureEnabled>
      <recordIdGeneratorUuid/>
    </a:sourceConfiguration>
    <a:enabledFeatures>255</a:enabledFeatures>
    <a:isVisibleInRecordTypeList>false</a:isVisibleInRecordTypeList>
    <a:recordActionLaunchType>DIALOG</a:recordActionLaunchType>
    <a:showSearchBox>true</a:showSearchBox>
    <a:isVisibleInDataFabric>false</a:isVisibleInDataFabric>
    <a:usesRollingSyncLimit>false</a:usesRollingSyncLimit>
    <a:usesRecoverySync>false</a:usesRecoverySync>
  </recordType>
  <roleMap>
    <role name="record_type_administrator">
      <users/>
      <groups>
        <groupUuid>839b8276-38ad-49d7-96b6-3775afc2f7c1</groupUuid>
      </groups>
    </role>
    <role name="record_type_viewer">
      <users/>
      <groups>
        <groupUuid>10c7e6df-ddd8-4267-ab03-272a3cb241df</groupUuid>
      </groups>
    </role>
  </roleMap>
  <history>
    <historyInfo versionUuid="4946783e-951e-4047-bf26-c3ef7fe91e36"/>
  </history>
  <migrationVersion>1</migrationVersion>
</recordTypeHaul>
