<?xml version="1.0" encoding="UTF-8"?>
<recordTypeHaul xmlns:a="http://www.appian.com/ae/types/2009" xmlns:xsi="http://www.w3.org/2001/XMLSchema-instance">
  <versionUuid>49b506b6-b2d4-4992-87ed-cd283eb3429b</versionUuid>
  <recordType a:uuid="ae2a08da-a904-4404-8208-3f9ae918ca72" name="DCR Template">
    <a:pluralName>DCR Templates</a:pluralName>
    <a:description/>
    <a:urlStub>mb7i3Q</a:urlStub>
    <a:source xsi:type="a:RecordsReplica"/>
    <a:listViewTemplateExpr>#"SYSTEM_SYSRULES_recordGridField"(
  columns: {
    #"SYSTEM_SYSRULES_gridColumn"(
      label: "Id",
      sortField: #"urn:appian:record-field:v1:ae2a08da-a904-4404-8208-3f9ae918ca72/ca71dc19-5b3d-4baf-954b-34e2abc3afcc",
      value: fv!row[#"urn:appian:record-field:v1:ae2a08da-a904-4404-8208-3f9ae918ca72/ca71dc19-5b3d-4baf-954b-34e2abc3afcc"],
      align: "END"
    ),
    #"SYSTEM_SYSRULES_gridColumn"(
      label: "Name",
      sortField: #"urn:appian:record-field:v1:ae2a08da-a904-4404-8208-3f9ae918ca72/e94fd91f-919a-4ffd-a83c-97e8e57ea537",
      value: #"SYSTEM_SYSRULES_linkField"(
        links: {
          #"SYSTEM_SYSRULES_recordLink"(
            label: fv!row[#"urn:appian:record-field:v1:ae2a08da-a904-4404-8208-3f9ae918ca72/e94fd91f-919a-4ffd-a83c-97e8e57ea537"],
            recordType: #"urn:appian:record-type:v1:ae2a08da-a904-4404-8208-3f9ae918ca72",
            identifier: fv!identifier
          )
        }
      )
    )
  },
  pageSize: 50,
  shadeAlternateRows: true
)</a:listViewTemplateExpr>
    <a:detailViewCfg>
      <a:nameExpr>#"SYSTEM_SYSRULES_rtd_getDefaultSummaryViewName"()</a:nameExpr>
      <a:uiExpr/>
      <a:visibilityExpr>=true()</a:visibilityExpr>
      <a:urlStub>summary</a:urlStub>
      <a:headerExpr/>
      <a:recordActionLaunchType>DIALOG</a:recordActionLaunchType>
      <a:recordUiSecurityType>EXPRESSION</a:recordUiSecurityType>
    </a:detailViewCfg>
    <a:relatedActionCfg a:uuid="e985cd21-c119-4aaa-9de2-969a276747fb">
      <a:target a:uuid="9c076874-b8f2-4c3a-8033-b0919f9542d1" xsi:type="a:ProcessModel"/>
      <a:contextExpr>{
  record: rv!record,
  cancel: false()
}</a:contextExpr>
      <a:visibilityExpr/>
      <a:iconId>f1f8</a:iconId>
      <a:refId>refId-e985cd21-c119-4aaa-9de2-969a276747fb</a:refId>
      <a:staticTitleString>Delete Template</a:staticTitleString>
      <a:staticDescriptionString>Action to delete a Template</a:staticDescriptionString>
      <a:referenceKey>deleteTemplate</a:referenceKey>
      <a:dialogSize>SMALL</a:dialogSize>
      <a:showInRecordList>false</a:showInRecordList>
      <a:recordUiSecurityType>GUIDED</a:recordUiSecurityType>
      <a:securityCfg>
        <a:membershipFilter>{"type":"MEMBERSHIP_ALL","config":{"#v":[],"#t":"Variant?list"},"#t":"RecordRowLevelSecurityMembershipFilter"}</a:membershipFilter>
        <a:dataFilter>{"type":"ALLOW_ALL","config":{"#v":[],"#t":"Variant?list"},"#t":"RecordRowLevelSecurityDataFilter"}</a:dataFilter>
      </a:securityCfg>
    </a:relatedActionCfg>
    <a:relatedActionCfg a:uuid="b2dc87c8-051e-4276-9322-707a2684e574">
      <a:target a:uuid="ac225d3b-8fd7-4fd0-b3d7-1292e5ee56d2" xsi:type="a:ProcessModel"/>
      <a:contextExpr>{
  record: rv!record,
  cancel: false(),
  isUpdate: true()
}</a:contextExpr>
      <a:visibilityExpr/>
      <a:iconId>f044</a:iconId>
      <a:refId>refId-b2dc87c8-051e-4276-9322-707a2684e574</a:refId>
      <a:staticTitleString>Update Template</a:staticTitleString>
      <a:staticDescriptionString>Action to update a Template</a:staticDescriptionString>
      <a:referenceKey>updateTemplate</a:referenceKey>
      <a:dialogSize>LARGE</a:dialogSize>
      <a:showInRecordList>false</a:showInRecordList>
      <a:recordUiSecurityType>GUIDED</a:recordUiSecurityType>
      <a:securityCfg>
        <a:membershipFilter>{"type":"MEMBERSHIP_ALL","config":{"#v":[],"#t":"Variant?list"},"#t":"RecordRowLevelSecurityMembershipFilter"}</a:membershipFilter>
        <a:dataFilter>{"type":"ALLOW_ALL","config":{"#v":[],"#t":"Variant?list"},"#t":"RecordRowLevelSecurityDataFilter"}</a:dataFilter>
      </a:securityCfg>
    </a:relatedActionCfg>
    <a:isSystem>false</a:isSystem>
    <a:dataSrcExpr/>
    <a:facetsListExpr/>
    <a:titleExpr>rv!record[#"urn:appian:record-field:v1:ae2a08da-a904-4404-8208-3f9ae918ca72/e94fd91f-919a-4ffd-a83c-97e8e57ea537"]</a:titleExpr>
    <a:defaultFiltersExpr/>
    <a:layoutType>GRID</a:layoutType>
    <a:security>16383</a:security>
    <a:hideLatestNews>false</a:hideLatestNews>
    <a:hideNewsView>false</a:hideNewsView>
    <a:hideRelatedActionsView>false</a:hideRelatedActionsView>
    <a:isExportable>true</a:isExportable>
    <a:listViewSrcExpr/>
    <a:recordViewSrcExpr/>
    <a:recordListActionCfg a:uuid="a200f2ef-deea-4882-901a-82220c92e66c">
      <a:staticTitle>Create Template</a:staticTitle>
      <a:staticDescription>Action to create a new Template</a:staticDescription>
      <a:iconId>f067</a:iconId>
      <a:target a:uuid="ac225d3b-8fd7-4fd0-b3d7-1292e5ee56d2" xsi:type="a:ProcessModel"/>
      <a:visibilityExpr/>
      <a:referenceKey>newTemplate</a:referenceKey>
      <a:dialogSize>LARGE</a:dialogSize>
      <a:showInRecordList>true</a:showInRecordList>
      <a:recordUiSecurityType>GUIDED</a:recordUiSecurityType>
      <a:securityCfg>
        <a:membershipFilter>{"type":"MEMBERSHIP_ALL","config":{"#v":[],"#t":"Variant?list"},"#t":"RecordRowLevelSecurityMembershipFilter"}</a:membershipFilter>
        <a:dataFilter>{"type":"ALLOW_ALL","config":{"#v":[],"#t":"Variant?list"},"#t":"RecordRowLevelSecurityDataFilter"}</a:dataFilter>
      </a:securityCfg>
    </a:recordListActionCfg>
    <a:recordListActionCfg a:uuid="6f9d1f41-0000-4d2d-8ecd-d140d931a5c9">
      <a:staticTitle>Update Template</a:staticTitle>
      <a:staticDescription>Update Template</a:staticDescription>
      <a:iconId>f067</a:iconId>
      <a:target a:uuid="6fbe74d9-63b5-4b9b-8453-a02680d92771" xsi:type="a:ProcessModel"/>
      <a:visibilityExpr/>
      <a:referenceKey>updateTemplateNew</a:referenceKey>
      <a:dialogSize>LARGE</a:dialogSize>
      <a:showInRecordList>true</a:showInRecordList>
      <a:recordUiSecurityType>GUIDED</a:recordUiSecurityType>
      <a:securityCfg>
        <a:membershipFilter>{"type":"MEMBERSHIP_ALL","config":{"#v":[],"#t":"Variant?list"},"#t":"RecordRowLevelSecurityMembershipFilter"}</a:membershipFilter>
        <a:dataFilter>{"type":"ALLOW_ALL","config":{"#v":[],"#t":"Variant?list"},"#t":"RecordRowLevelSecurityDataFilter"}</a:dataFilter>
      </a:securityCfg>
    </a:recordListActionCfg>
    <a:recordRelationshipCfg>
      <uuid>2daa1f9c-9eef-4ffc-bfaf-98cfb62bcebc</uuid>
      <relationshipName>section</relationshipName>
      <targetRecordTypeUuid>4acef0cf-ee92-4474-a399-7eb80d71ee1c</targetRecordTypeUuid>
      <relationshipType>ONE_TO_MANY</relationshipType>
      <relationshipData>{"sourceRecordTypeFieldUuid":"ca71dc19-5b3d-4baf-954b-34e2abc3afcc","targetRecordTypeFieldUuid":"cade54f6-bd9b-45eb-9e06-eaef72132da8","relationshipOperator":"1","joinTableSourceField":"","joinTableTargetField":""}</relationshipData>
      <updateBehavior>CASCADING</updateBehavior>
    </a:recordRelationshipCfg>
    <a:recordTypeSearchCfg>
      <searchFieldsSrc>DEFAULT</searchFieldsSrc>
      <placeholderSrc>DEFAULT</placeholderSrc>
      <placeholder/>
    </a:recordTypeSearchCfg>
    <a:iconId/>
    <a:listAutoRefreshInterval>0.0</a:listAutoRefreshInterval>
    <a:sourceConfiguration>
      <sourceUuid>DCR_Template@jdbc/Appian</sourceUuid>
      <sourceType>RDBMS_TABLE</sourceType>
      <sourceSubType>NONE</sourceSubType>
      <friendlyName>DCR_Template</friendlyName>
      <sourceFilterExpr/>
      <field>
        <uuid>ca71dc19-5b3d-4baf-954b-34e2abc3afcc</uuid>
        <type>{http://www.appian.com/ae/types/2009}Integer</type>
        <sourceFieldName>id</sourceFieldName>
        <sourceFieldType>INTEGER</sourceFieldType>
        <fieldName>id</fieldName>
        <displayName>Id</displayName>
        <isRecordId>true</isRecordId>
        <isUnique>true</isUnique>
        <isCustomField>false</isCustomField>
        <customFieldExpr/>
        <customFieldDefaultValueStr>null</customFieldDefaultValueStr>
        <fieldCalculationType>NA</fieldCalculationType>
        <fieldTemplateType>NA</fieldTemplateType>
        <isRollingSyncSortField>false</isRollingSyncSortField>
      </field>
      <field>
        <uuid>e94fd91f-919a-4ffd-a83c-97e8e57ea537</uuid>
        <type>{http://www.appian.com/ae/types/2009}Text</type>
        <sourceFieldName>name</sourceFieldName>
        <sourceFieldType>VARCHAR(100)</sourceFieldType>
        <fieldName>name</fieldName>
        <displayName>Name</displayName>
        <isRecordId>false</isRecordId>
        <isUnique>false</isUnique>
        <isCustomField>false</isCustomField>
        <customFieldExpr/>
        <customFieldDefaultValueStr>null</customFieldDefaultValueStr>
        <fieldCalculationType>NA</fieldCalculationType>
        <fieldTemplateType>NA</fieldTemplateType>
        <isRollingSyncSortField>false</isRollingSyncSortField>
      </field>
      <field>
        <uuid>e014dad4-d5cf-421e-8694-80be3d3454a2</uuid>
        <type>{http://www.appian.com/ae/types/2009}Text</type>
        <sourceFieldName>Description</sourceFieldName>
        <sourceFieldType>VARCHAR(1000)</sourceFieldType>
        <fieldName>description</fieldName>
        <isRecordId>false</isRecordId>
        <isUnique>false</isUnique>
        <isCustomField>false</isCustomField>
        <customFieldExpr/>
        <customFieldDefaultValueStr>null</customFieldDefaultValueStr>
        <fieldCalculationType>NA</fieldCalculationType>
        <fieldTemplateType>NA</fieldTemplateType>
        <isRollingSyncSortField>false</isRollingSyncSortField>
      </field>
      <uuid>5179e458-47b8-44de-8915-5290a70b1af3</uuid>
      <refreshSchedule>
        <frequency>DAILY</frequency>
        <value>{"hour":3,"minute":"00","amPM":"AM","timeZone":"IST","version":"v1"}</value>
        <activated>false</activated>
      </refreshSchedule>
      <skipFailureEnabled>true</skipFailureEnabled>
      <recordIdGeneratorUuid/>
    </a:sourceConfiguration>
    <a:enabledFeatures>255</a:enabledFeatures>
    <a:isVisibleInRecordTypeList>false</a:isVisibleInRecordTypeList>
    <a:recordActionLaunchType>DIALOG</a:recordActionLaunchType>
    <a:showSearchBox>true</a:showSearchBox>
    <a:isVisibleInDataFabric>false</a:isVisibleInDataFabric>
    <a:usesRollingSyncLimit>false</a:usesRollingSyncLimit>
    <a:usesRecoverySync>false</a:usesRecoverySync>
  </recordType>
  <roleMap>
    <role name="record_type_administrator">
      <users/>
      <groups>
        <groupUuid>839b8276-38ad-49d7-96b6-3775afc2f7c1</groupUuid>
      </groups>
    </role>
    <role name="record_type_viewer">
      <users/>
      <groups>
        <groupUuid>10c7e6df-ddd8-4267-ab03-272a3cb241df</groupUuid>
      </groups>
    </role>
  </roleMap>
  <history>
    <historyInfo versionUuid="095c1103-1702-45b4-a345-a773bb5ecc05"/>
    <historyInfo versionUuid="0cadd7b8-f53c-4020-bc4b-098daf02f4a7"/>
    <historyInfo versionUuid="8ffd9daf-46b3-49b2-8cf9-176c887e25c6"/>
    <historyInfo versionUuid="8de1fcd1-68fa-4cc0-a79d-5b2d9023f095"/>
    <historyInfo versionUuid="e1e5f1a7-2a15-4d07-bbc6-e89d03534b61"/>
    <historyInfo versionUuid="49b506b6-b2d4-4992-87ed-cd283eb3429b"/>
  </history>
  <migrationVersion>1</migrationVersion>
</recordTypeHaul>
