<?xml version="1.0" encoding="UTF-8"?>
<recordTypeHaul xmlns:a="http://www.appian.com/ae/types/2009" xmlns:xsi="http://www.w3.org/2001/XMLSchema-instance">
  <versionUuid>ee8f2c97-c16b-496d-8f4e-ab3eeb046cc6</versionUuid>
  <recordType a:uuid="c6202e1d-5343-40bd-8dea-2bc0fd9f907f" name="DCR DDQ">
    <a:pluralName>DCR DDQS</a:pluralName>
    <a:description/>
    <a:urlStub>PICJYQ</a:urlStub>
    <a:source xsi:type="a:RecordsReplica"/>
    <a:listViewTemplateExpr>#"SYSTEM_SYSRULES_recordGridField"(
  columns: {
    #"SYSTEM_SYSRULES_gridColumn"(
      label: "Id",
      sortField: 'recordType!{c6202e1d-5343-40bd-8dea-2bc0fd9f907f}DCR DDQ.fields.{a14d4eab-3592-47af-981b-77e4a136a637}id',
      value: fv!row['recordType!{c6202e1d-5343-40bd-8dea-2bc0fd9f907f}DCR DDQ.fields.{a14d4eab-3592-47af-981b-77e4a136a637}id'],
      align: "END"
    ),
    #"SYSTEM_SYSRULES_gridColumn"(
      label: "Name",
      sortField: 'recordType!{c6202e1d-5343-40bd-8dea-2bc0fd9f907f}DCR DDQ.fields.{fd3bfa72-d8d5-4d0e-a3e2-732e6234d365}name',
      value: #"SYSTEM_SYSRULES_linkField"(
        links: {
          #"SYSTEM_SYSRULES_recordLink"(
            label: fv!row['recordType!{c6202e1d-5343-40bd-8dea-2bc0fd9f907f}DCR DDQ.fields.{fd3bfa72-d8d5-4d0e-a3e2-732e6234d365}name'],
            recordType: #"urn:appian:record-type:v1:c6202e1d-5343-40bd-8dea-2bc0fd9f907f",
            identifier: fv!identifier
          )
        }
      )
    ),
    #"SYSTEM_SYSRULES_gridColumn"(
      label: "Description",
      sortField: 'recordType!{c6202e1d-5343-40bd-8dea-2bc0fd9f907f}DCR DDQ.fields.{2fb656c7-84b0-4a8c-a894-49e12c70f9b9}description',
      value: fv!row['recordType!{c6202e1d-5343-40bd-8dea-2bc0fd9f907f}DCR DDQ.fields.{2fb656c7-84b0-4a8c-a894-49e12c70f9b9}description']
    )
  },
  pageSize: 50,
  shadeAlternateRows: true
)</a:listViewTemplateExpr>
    <a:detailViewCfg>
      <a:nameExpr>#"SYSTEM_SYSRULES_rtd_getDefaultSummaryViewName"()</a:nameExpr>
      <a:uiExpr/>
      <a:visibilityExpr>=true()</a:visibilityExpr>
      <a:urlStub>summary</a:urlStub>
      <a:headerExpr/>
      <a:recordActionLaunchType>DIALOG</a:recordActionLaunchType>
      <a:recordUiSecurityType>EXPRESSION</a:recordUiSecurityType>
    </a:detailViewCfg>
    <a:isSystem>false</a:isSystem>
    <a:dataSrcExpr/>
    <a:facetsListExpr/>
    <a:titleExpr>rv!record[#"urn:appian:record-field:v1:c6202e1d-5343-40bd-8dea-2bc0fd9f907f/fd3bfa72-d8d5-4d0e-a3e2-732e6234d365"]</a:titleExpr>
    <a:defaultFiltersExpr/>
    <a:layoutType>GRID</a:layoutType>
    <a:security>16383</a:security>
    <a:hideLatestNews>false</a:hideLatestNews>
    <a:hideNewsView>false</a:hideNewsView>
    <a:hideRelatedActionsView>false</a:hideRelatedActionsView>
    <a:isExportable>true</a:isExportable>
    <a:listViewSrcExpr/>
    <a:recordViewSrcExpr/>
    <a:recordRelationshipCfg>
      <uuid>69625cb3-ffa8-4f3c-819a-da473b21d150</uuid>
      <relationshipName>ddqsectionmapping</relationshipName>
      <targetRecordTypeUuid>abf8a6de-5ae7-44aa-9786-2768075f2784</targetRecordTypeUuid>
      <relationshipType>ONE_TO_MANY</relationshipType>
      <relationshipData>{"sourceRecordTypeFieldUuid":"a14d4eab-3592-47af-981b-77e4a136a637","targetRecordTypeFieldUuid":"f504adfd-d8c8-4372-899f-8fef61801b28","relationshipOperator":"1","joinTableSourceField":"","joinTableTargetField":""}</relationshipData>
      <updateBehavior>NON_CASCADING</updateBehavior>
    </a:recordRelationshipCfg>
    <a:recordTypeSearchCfg>
      <searchFieldsSrc>DEFAULT</searchFieldsSrc>
      <placeholderSrc>DEFAULT</placeholderSrc>
      <placeholder/>
    </a:recordTypeSearchCfg>
    <a:iconId/>
    <a:listAutoRefreshInterval>0.0</a:listAutoRefreshInterval>
    <a:sourceConfiguration>
      <sourceUuid>DCR_DDQ@jdbc/Appian</sourceUuid>
      <sourceType>RDBMS_TABLE</sourceType>
      <sourceSubType>NONE</sourceSubType>
      <friendlyName>DCR_DDQ</friendlyName>
      <sourceFilterExpr/>
      <field>
        <uuid>a14d4eab-3592-47af-981b-77e4a136a637</uuid>
        <type>{http://www.appian.com/ae/types/2009}Integer</type>
        <sourceFieldName>id</sourceFieldName>
        <sourceFieldType>INTEGER</sourceFieldType>
        <fieldName>id</fieldName>
        <displayName>Id</displayName>
        <isRecordId>true</isRecordId>
        <isUnique>true</isUnique>
        <isCustomField>false</isCustomField>
        <customFieldExpr/>
        <customFieldDefaultValueStr>null</customFieldDefaultValueStr>
        <fieldCalculationType>NA</fieldCalculationType>
        <fieldTemplateType>NA</fieldTemplateType>
        <isRollingSyncSortField>false</isRollingSyncSortField>
      </field>
      <field>
        <uuid>fd3bfa72-d8d5-4d0e-a3e2-732e6234d365</uuid>
        <type>{http://www.appian.com/ae/types/2009}Text</type>
        <sourceFieldName>name</sourceFieldName>
        <sourceFieldType>VARCHAR(100)</sourceFieldType>
        <fieldName>name</fieldName>
        <displayName>Name</displayName>
        <isRecordId>false</isRecordId>
        <isUnique>false</isUnique>
        <isCustomField>false</isCustomField>
        <customFieldExpr/>
        <customFieldDefaultValueStr>null</customFieldDefaultValueStr>
        <fieldCalculationType>NA</fieldCalculationType>
        <fieldTemplateType>NA</fieldTemplateType>
        <isRollingSyncSortField>false</isRollingSyncSortField>
      </field>
      <field>
        <uuid>2fb656c7-84b0-4a8c-a894-49e12c70f9b9</uuid>
        <type>{http://www.appian.com/ae/types/2009}Text</type>
        <sourceFieldName>description</sourceFieldName>
        <sourceFieldType>VARCHAR(1000)</sourceFieldType>
        <fieldName>description</fieldName>
        <displayName>Description</displayName>
        <isRecordId>false</isRecordId>
        <isUnique>false</isUnique>
        <isCustomField>false</isCustomField>
        <customFieldExpr/>
        <customFieldDefaultValueStr>null</customFieldDefaultValueStr>
        <fieldCalculationType>NA</fieldCalculationType>
        <fieldTemplateType>NA</fieldTemplateType>
        <isRollingSyncSortField>false</isRollingSyncSortField>
      </field>
      <uuid>7a4b7a99-afc2-4a70-adee-41dca76c6591</uuid>
      <refreshSchedule>
        <frequency>DAILY</frequency>
        <value>{"hour":3,"minute":"00","amPM":"AM","timeZone":"IST","version":"v1"}</value>
        <activated>false</activated>
      </refreshSchedule>
      <skipFailureEnabled>true</skipFailureEnabled>
      <recordIdGeneratorUuid/>
    </a:sourceConfiguration>
    <a:enabledFeatures>255</a:enabledFeatures>
    <a:isVisibleInRecordTypeList>false</a:isVisibleInRecordTypeList>
    <a:recordActionLaunchType>DIALOG</a:recordActionLaunchType>
    <a:showSearchBox>true</a:showSearchBox>
    <a:isVisibleInDataFabric>false</a:isVisibleInDataFabric>
    <a:usesRollingSyncLimit>false</a:usesRollingSyncLimit>
    <a:usesRecoverySync>false</a:usesRecoverySync>
  </recordType>
  <roleMap>
    <role name="record_type_administrator">
      <users/>
      <groups>
        <groupUuid>839b8276-38ad-49d7-96b6-3775afc2f7c1</groupUuid>
      </groups>
    </role>
    <role name="record_type_viewer">
      <users/>
      <groups>
        <groupUuid>10c7e6df-ddd8-4267-ab03-272a3cb241df</groupUuid>
      </groups>
    </role>
  </roleMap>
  <history>
    <historyInfo versionUuid="ee8f2c97-c16b-496d-8f4e-ab3eeb046cc6"/>
  </history>
  <migrationVersion>1</migrationVersion>
</recordTypeHaul>
