<?xml version="1.0" encoding="UTF-8"?>
<recordTypeHaul xmlns:a="http://www.appian.com/ae/types/2009" xmlns:xsi="http://www.w3.org/2001/XMLSchema-instance">
  <versionUuid>5260538a-2695-4b66-bdbb-bef510c0977a</versionUuid>
  <recordType a:uuid="e9fff480-6a64-4e41-9e96-812edab301b7" name="DCR Questions">
    <a:pluralName>DCR Questions</a:pluralName>
    <a:description/>
    <a:urlStub>QWgkeQ</a:urlStub>
    <a:source xsi:type="a:RecordsReplica"/>
    <a:listViewTemplateExpr>#"SYSTEM_SYSRULES_recordGridField"(
  columns: {
    #"SYSTEM_SYSRULES_gridColumn"(
      label: "Id",
      sortField: 'recordType!{e9fff480-6a64-4e41-9e96-812edab301b7}DCR Questions.fields.{d2ac40b0-438a-446c-bfd3-d610ead17607}id',
      value: fv!row['recordType!{e9fff480-6a64-4e41-9e96-812edab301b7}DCR Questions.fields.{d2ac40b0-438a-446c-bfd3-d610ead17607}id'],
      align: "END"
    ),
    #"SYSTEM_SYSRULES_gridColumn"(
      label: "Question",
      sortField: 'recordType!{e9fff480-6a64-4e41-9e96-812edab301b7}DCR Questions.fields.{4fbceca6-00e1-46f4-bc99-8728f7f0aaaa}question',
      value: #"SYSTEM_SYSRULES_linkField"(
        links: {
          #"SYSTEM_SYSRULES_recordLink"(
            label: fv!row['recordType!{e9fff480-6a64-4e41-9e96-812edab301b7}DCR Questions.fields.{4fbceca6-00e1-46f4-bc99-8728f7f0aaaa}question'],
            recordType: #"urn:appian:record-type:v1:e9fff480-6a64-4e41-9e96-812edab301b7",
            identifier: fv!identifier
          )
        }
      )
    ),
    #"SYSTEM_SYSRULES_gridColumn"(
      label: "Datatype",
      sortField: 'recordType!{e9fff480-6a64-4e41-9e96-812edab301b7}DCR Questions.fields.{553ff64e-ea2f-478e-9c4f-b34a65e42e52}datatype',
      value: fv!row['recordType!{e9fff480-6a64-4e41-9e96-812edab301b7}DCR Questions.fields.{553ff64e-ea2f-478e-9c4f-b34a65e42e52}datatype']
    ),
    #"SYSTEM_SYSRULES_gridColumn"(
      label: "Isrequire",
      sortField: 'recordType!{e9fff480-6a64-4e41-9e96-812edab301b7}DCR Questions.fields.{d3f3f425-cd47-4b18-a5e4-fb636af7ad3a}isrequire',
      value: fv!row['recordType!{e9fff480-6a64-4e41-9e96-812edab301b7}DCR Questions.fields.{d3f3f425-cd47-4b18-a5e4-fb636af7ad3a}isrequire']
    ),
    #"SYSTEM_SYSRULES_gridColumn"(
      label: "Validationtype",
      sortField: 'recordType!{e9fff480-6a64-4e41-9e96-812edab301b7}DCR Questions.fields.{4ce0d7a1-e58f-46ee-8d97-214540dc722c}validationtype',
      value: fv!row['recordType!{e9fff480-6a64-4e41-9e96-812edab301b7}DCR Questions.fields.{4ce0d7a1-e58f-46ee-8d97-214540dc722c}validationtype']
    ),
    #"SYSTEM_SYSRULES_gridColumn"(
      label: "Option 1",
      sortField: 'recordType!{e9fff480-6a64-4e41-9e96-812edab301b7}DCR Questions.fields.{8d23b946-9edd-4639-8cde-27cd2685fbce}option1',
      value: fv!row['recordType!{e9fff480-6a64-4e41-9e96-812edab301b7}DCR Questions.fields.{8d23b946-9edd-4639-8cde-27cd2685fbce}option1']
    ),
    #"SYSTEM_SYSRULES_gridColumn"(
      label: "Option 2",
      sortField: 'recordType!{e9fff480-6a64-4e41-9e96-812edab301b7}DCR Questions.fields.{eaee58ea-e703-4c04-bcd4-aafcba5e1dd7}option2',
      value: fv!row['recordType!{e9fff480-6a64-4e41-9e96-812edab301b7}DCR Questions.fields.{eaee58ea-e703-4c04-bcd4-aafcba5e1dd7}option2']
    ),
    #"SYSTEM_SYSRULES_gridColumn"(
      label: "Option 3",
      sortField: 'recordType!{e9fff480-6a64-4e41-9e96-812edab301b7}DCR Questions.fields.{1c127cdd-61cf-4120-ba9e-4b2141b6717a}option3',
      value: fv!row['recordType!{e9fff480-6a64-4e41-9e96-812edab301b7}DCR Questions.fields.{1c127cdd-61cf-4120-ba9e-4b2141b6717a}option3']
    ),
    #"SYSTEM_SYSRULES_gridColumn"(
      label: "Option 4",
      sortField: 'recordType!{e9fff480-6a64-4e41-9e96-812edab301b7}DCR Questions.fields.{5055542f-239b-46fe-9d39-290e306f8a26}option4',
      value: fv!row['recordType!{e9fff480-6a64-4e41-9e96-812edab301b7}DCR Questions.fields.{5055542f-239b-46fe-9d39-290e306f8a26}option4']
    )
  },
  pageSize: 50,
  shadeAlternateRows: true
)</a:listViewTemplateExpr>
    <a:detailViewCfg>
      <a:nameExpr>#"SYSTEM_SYSRULES_rtd_getDefaultSummaryViewName"()</a:nameExpr>
      <a:uiExpr/>
      <a:visibilityExpr>=true()</a:visibilityExpr>
      <a:urlStub>summary</a:urlStub>
      <a:headerExpr/>
      <a:recordActionLaunchType>DIALOG</a:recordActionLaunchType>
      <a:recordUiSecurityType>EXPRESSION</a:recordUiSecurityType>
    </a:detailViewCfg>
    <a:isSystem>false</a:isSystem>
    <a:dataSrcExpr/>
    <a:facetsListExpr/>
    <a:titleExpr>rv!record[#"urn:appian:record-field:v1:e9fff480-6a64-4e41-9e96-812edab301b7/4fbceca6-00e1-46f4-bc99-8728f7f0aaaa"]</a:titleExpr>
    <a:defaultFiltersExpr/>
    <a:layoutType>GRID</a:layoutType>
    <a:security>16383</a:security>
    <a:hideLatestNews>false</a:hideLatestNews>
    <a:hideNewsView>false</a:hideNewsView>
    <a:hideRelatedActionsView>false</a:hideRelatedActionsView>
    <a:isExportable>true</a:isExportable>
    <a:listViewSrcExpr/>
    <a:recordViewSrcExpr/>
    <a:recordTypeSearchCfg>
      <searchFieldsSrc>DEFAULT</searchFieldsSrc>
      <placeholderSrc>DEFAULT</placeholderSrc>
      <placeholder/>
    </a:recordTypeSearchCfg>
    <a:iconId/>
    <a:listAutoRefreshInterval>0.0</a:listAutoRefreshInterval>
    <a:sourceConfiguration>
      <sourceUuid>DCR_Questions@jdbc/Appian</sourceUuid>
      <sourceType>RDBMS_TABLE</sourceType>
      <sourceSubType>NONE</sourceSubType>
      <friendlyName>DCR_Questions</friendlyName>
      <sourceFilterExpr/>
      <field>
        <uuid>d2ac40b0-438a-446c-bfd3-d610ead17607</uuid>
        <type>{http://www.appian.com/ae/types/2009}Integer</type>
        <sourceFieldName>id</sourceFieldName>
        <sourceFieldType>INTEGER</sourceFieldType>
        <fieldName>id</fieldName>
        <displayName>Id</displayName>
        <isRecordId>true</isRecordId>
        <isUnique>true</isUnique>
        <isCustomField>false</isCustomField>
        <customFieldExpr/>
        <fieldCalculationType>NA</fieldCalculationType>
        <fieldTemplateType>NA</fieldTemplateType>
        <isRollingSyncSortField>false</isRollingSyncSortField>
      </field>
      <field>
        <uuid>4fbceca6-00e1-46f4-bc99-8728f7f0aaaa</uuid>
        <type>{http://www.appian.com/ae/types/2009}Text</type>
        <sourceFieldName>question</sourceFieldName>
        <sourceFieldType>VARCHAR(200)</sourceFieldType>
        <fieldName>question</fieldName>
        <displayName>Question</displayName>
        <isRecordId>false</isRecordId>
        <isUnique>false</isUnique>
        <isCustomField>false</isCustomField>
        <customFieldExpr/>
        <fieldCalculationType>NA</fieldCalculationType>
        <fieldTemplateType>NA</fieldTemplateType>
        <isRollingSyncSortField>false</isRollingSyncSortField>
      </field>
      <field>
        <uuid>553ff64e-ea2f-478e-9c4f-b34a65e42e52</uuid>
        <type>{http://www.appian.com/ae/types/2009}Text</type>
        <sourceFieldName>dataType</sourceFieldName>
        <sourceFieldType>VARCHAR(100)</sourceFieldType>
        <fieldName>datatype</fieldName>
        <displayName>Datatype</displayName>
        <isRecordId>false</isRecordId>
        <isUnique>false</isUnique>
        <isCustomField>false</isCustomField>
        <customFieldExpr/>
        <fieldCalculationType>NA</fieldCalculationType>
        <fieldTemplateType>NA</fieldTemplateType>
        <isRollingSyncSortField>false</isRollingSyncSortField>
      </field>
      <field>
        <uuid>d3f3f425-cd47-4b18-a5e4-fb636af7ad3a</uuid>
        <type>{http://www.appian.com/ae/types/2009}Boolean</type>
        <sourceFieldName>isRequire</sourceFieldName>
        <sourceFieldType>BIT</sourceFieldType>
        <fieldName>isrequire</fieldName>
        <displayName>Isrequire</displayName>
        <isRecordId>false</isRecordId>
        <isUnique>false</isUnique>
        <isCustomField>false</isCustomField>
        <customFieldExpr/>
        <fieldCalculationType>NA</fieldCalculationType>
        <fieldTemplateType>NA</fieldTemplateType>
        <isRollingSyncSortField>false</isRollingSyncSortField>
      </field>
      <field>
        <uuid>4ce0d7a1-e58f-46ee-8d97-214540dc722c</uuid>
        <type>{http://www.appian.com/ae/types/2009}Text</type>
        <sourceFieldName>validationType</sourceFieldName>
        <sourceFieldType>VARCHAR(100)</sourceFieldType>
        <fieldName>validationtype</fieldName>
        <displayName>Validationtype</displayName>
        <isRecordId>false</isRecordId>
        <isUnique>false</isUnique>
        <isCustomField>false</isCustomField>
        <customFieldExpr/>
        <fieldCalculationType>NA</fieldCalculationType>
        <fieldTemplateType>NA</fieldTemplateType>
        <isRollingSyncSortField>false</isRollingSyncSortField>
      </field>
      <field>
        <uuid>8d23b946-9edd-4639-8cde-27cd2685fbce</uuid>
        <type>{http://www.appian.com/ae/types/2009}Text</type>
        <sourceFieldName>option1</sourceFieldName>
        <sourceFieldType>VARCHAR(50)</sourceFieldType>
        <fieldName>option1</fieldName>
        <displayName>Option 1</displayName>
        <isRecordId>false</isRecordId>
        <isUnique>false</isUnique>
        <isCustomField>false</isCustomField>
        <customFieldExpr/>
        <fieldCalculationType>NA</fieldCalculationType>
        <fieldTemplateType>NA</fieldTemplateType>
        <isRollingSyncSortField>false</isRollingSyncSortField>
      </field>
      <field>
        <uuid>eaee58ea-e703-4c04-bcd4-aafcba5e1dd7</uuid>
        <type>{http://www.appian.com/ae/types/2009}Text</type>
        <sourceFieldName>option2</sourceFieldName>
        <sourceFieldType>VARCHAR(50)</sourceFieldType>
        <fieldName>option2</fieldName>
        <displayName>Option 2</displayName>
        <isRecordId>false</isRecordId>
        <isUnique>false</isUnique>
        <isCustomField>false</isCustomField>
        <customFieldExpr/>
        <fieldCalculationType>NA</fieldCalculationType>
        <fieldTemplateType>NA</fieldTemplateType>
        <isRollingSyncSortField>false</isRollingSyncSortField>
      </field>
      <field>
        <uuid>1c127cdd-61cf-4120-ba9e-4b2141b6717a</uuid>
        <type>{http://www.appian.com/ae/types/2009}Text</type>
        <sourceFieldName>option3</sourceFieldName>
        <sourceFieldType>VARCHAR(50)</sourceFieldType>
        <fieldName>option3</fieldName>
        <displayName>Option 3</displayName>
        <isRecordId>false</isRecordId>
        <isUnique>false</isUnique>
        <isCustomField>false</isCustomField>
        <customFieldExpr/>
        <fieldCalculationType>NA</fieldCalculationType>
        <fieldTemplateType>NA</fieldTemplateType>
        <isRollingSyncSortField>false</isRollingSyncSortField>
      </field>
      <field>
        <uuid>5055542f-239b-46fe-9d39-290e306f8a26</uuid>
        <type>{http://www.appian.com/ae/types/2009}Text</type>
        <sourceFieldName>option4</sourceFieldName>
        <sourceFieldType>VARCHAR(50)</sourceFieldType>
        <fieldName>option4</fieldName>
        <displayName>Option 4</displayName>
        <isRecordId>false</isRecordId>
        <isUnique>false</isUnique>
        <isCustomField>false</isCustomField>
        <customFieldExpr/>
        <fieldCalculationType>NA</fieldCalculationType>
        <fieldTemplateType>NA</fieldTemplateType>
        <isRollingSyncSortField>false</isRollingSyncSortField>
      </field>
      <uuid>0dfc203a-cbc0-45bf-a982-9b043db71404</uuid>
      <refreshSchedule>
        <frequency>DAILY</frequency>
        <value>{"hour":3,"minute":"00","amPM":"AM","timeZone":"IST","version":"v1"}</value>
        <activated>false</activated>
      </refreshSchedule>
      <skipFailureEnabled>true</skipFailureEnabled>
      <recordIdGeneratorUuid/>
    </a:sourceConfiguration>
    <a:enabledFeatures>255</a:enabledFeatures>
    <a:isVisibleInRecordTypeList>false</a:isVisibleInRecordTypeList>
    <a:recordActionLaunchType>DIALOG</a:recordActionLaunchType>
    <a:showSearchBox>true</a:showSearchBox>
    <a:isVisibleInDataFabric>false</a:isVisibleInDataFabric>
    <a:usesRollingSyncLimit>false</a:usesRollingSyncLimit>
    <a:usesRecoverySync>false</a:usesRecoverySync>
  </recordType>
  <roleMap>
    <role name="record_type_administrator">
      <users/>
      <groups>
        <groupUuid>839b8276-38ad-49d7-96b6-3775afc2f7c1</groupUuid>
      </groups>
    </role>
    <role name="record_type_viewer">
      <users/>
      <groups>
        <groupUuid>10c7e6df-ddd8-4267-ab03-272a3cb241df</groupUuid>
      </groups>
    </role>
  </roleMap>
  <history>
    <historyInfo versionUuid="5260538a-2695-4b66-bdbb-bef510c0977a"/>
  </history>
  <migrationVersion>1</migrationVersion>
</recordTypeHaul>
