<?xml version="1.0" encoding="UTF-8" standalone="yes"?>
<contentHaul xmlns:a="http://www.appian.com/ae/types/2009">
    <versionUuid>_a-0000ec63-bb64-8000-9c60-011c48011c48_2863054</versionUuid>
    <interface>
        <name>DCR_SectionViewUI</name>
        <uuid>_a-0000ec29-b861-8000-9c5e-011c48011c48_2852943</uuid>
        <description></description>
        <parentUuid>ac9f0649-dc34-49a2-93c7-e4e8891c6615</parentUuid>
        <visibility>
            <advertise>false</advertise>
            <hierarchy>true</hierarchy>
            <indexable>true</indexable>
            <quota>false</quota>
            <searchable>true</searchable>
            <system>false</system>
            <unlogged>false</unlogged>
        </visibility>
        <definition>a!localVariables(
  
  
  
  local!data: #"SYSTEM_SYSRULES_queryRecordType_v1"(
    recordType: #"urn:appian:record-type:v1:10994667-097d-4e53-bdfd-df1b31feb67e",

    pagingInfo: #"SYSTEM_SYSRULES_pagingInfo"(1,500)
  ).data,
  local!dataCount:count(local!data),
  local!coloumNumber: 3,
  local!rowNumber: ceiling(
    local!dataCount / local!coloumNumber
  ),
  {
    #"SYSTEM_SYSRULES_columnsLayout"(
      columns: {
        #"SYSTEM_SYSRULES_columnLayout"(),
        #"SYSTEM_SYSRULES_columnLayout"(),
        #"SYSTEM_SYSRULES_columnLayout"(),
        #"SYSTEM_SYSRULES_columnLayout"(
          contents: {
            #"SYSTEM_SYSRULES_recordActionField_v1"(
              actions: {
                #"SYSTEM_SYSRULES_recordActionItem"(
                  action: #"urn:appian:record-action:v1:10994667-097d-4e53-bdfd-df1b31feb67e/85f1ea03-2ab7-4f33-a158-17add3dd3621"
                ),
              },
              style: "TOOLBAR",
              display: "LABEL_AND_ICON",
              align: "END"
            )
          }
        )       
      }
    ),
    #"SYSTEM_SYSRULES_forEach"(
      items: enumerate(local!rowNumber),
      expression: a!localVariables(
        local!currRow: fv!index,
        #"SYSTEM_SYSRULES_columnsLayout"(
          columns: #"SYSTEM_SYSRULES_forEach"(
            items: enumerate(local!coloumNumber),
            expression: #"SYSTEM_SYSRULES_columnLayout"(
              contents:#"SYSTEM_SYSRULES_cardLayout"(
                contents:{
                  #"SYSTEM_SYSRULES_sideBySideLayout"(
                    items:{
                      #"SYSTEM_SYSRULES_sideBySideItem"(
                        item:#"SYSTEM_SYSRULES_stampField"(
                          labelPosition: "COLLAPSED",
                          icon: "pencil-square-o-alt",
                          backgroundColor: "TRANSPARENT",
                          size: "TINY",
                          contentColor: "#FE9900"
                        ),
                        width: "MINIMIZE"
                      ),
                      #"SYSTEM_SYSRULES_sideBySideItem"(
                        item: 
                        #"SYSTEM_SYSRULES_richTextDisplayField"(
                          value:
                          #"SYSTEM_SYSRULES_richTextItem_v1"(
                            text:index(
                              local!data[#"urn:appian:record-field:v1:10994667-097d-4e53-bdfd-df1b31feb67e/742ef1f8-467a-445e-ba92-87818d6ff04b"],
                              (local!currRow - 1) * local!coloumNumber + fv!index,
                              null
                            ),
                            style: "STRONG",
                            color:"#9F393A"
                          )
                        ),
                        width: "2X"
                      ),
                      #"SYSTEM_SYSRULES_sideBySideItem"(
                        item: #"SYSTEM_SYSRULES_recordActionField_v1"(
                          actions: {
                            #"SYSTEM_SYSRULES_recordActionItem"(
                              action: #"urn:appian:record-action:v1:10994667-097d-4e53-bdfd-df1b31feb67e/6bb47121-6ad7-4191-a340-099fc6f004c4",
                              identifier:index(
                                local!data[#"urn:appian:record-field:v1:10994667-097d-4e53-bdfd-df1b31feb67e/7919fb4d-560f-4cfa-83b9-7987cdddbdfd"],
                                (local!currRow - 1) * local!coloumNumber + fv!index,
                                null
                              )
                            ),
                            #"SYSTEM_SYSRULES_recordActionItem"(
                              action: #"urn:appian:record-action:v1:10994667-097d-4e53-bdfd-df1b31feb67e/1150b371-2116-4c74-ba5b-ad0507ae5d5e",
                              identifier:index(
                                local!data[#"urn:appian:record-field:v1:10994667-097d-4e53-bdfd-df1b31feb67e/7919fb4d-560f-4cfa-83b9-7987cdddbdfd"],
                                (local!currRow - 1) * local!coloumNumber + fv!index,
                                null
                              )
                            )
                          },
                          style: "MENU_ICON",
                          display: "LABEL_AND_ICON",

                        )
                      )
                    },
                    alignVertical :"MIDDLE"
                  )
                },
                showWhen: a!isNotNullOrEmpty(index(
                  local!data[#"urn:appian:record-field:v1:10994667-097d-4e53-bdfd-df1b31feb67e/742ef1f8-467a-445e-ba92-87818d6ff04b"],
                  (local!currRow - 1) * local!coloumNumber + fv!index,
                  null
                ))
              )
            )
          )
        )
      )
    )
  }
)</definition>
        <preferredEditor>interface</preferredEditor>
        <offlineEnabled>false</offlineEnabled>
        <isCustom>false</isCustom>
    </interface>
    <roleMap public="true">
        <role inherit="true" allowForAll="false" name="readers">
            <users/>
            <groups/>
        </role>
        <role inherit="true" allowForAll="false" name="authors">
            <users/>
            <groups/>
        </role>
        <role inherit="true" allowForAll="false" name="administrators">
            <users/>
            <groups/>
        </role>
        <role inherit="false" allowForAll="false" name="denyReaders">
            <users/>
            <groups/>
        </role>
        <role inherit="false" allowForAll="false" name="denyAuthors">
            <users/>
            <groups/>
        </role>
        <role inherit="false" allowForAll="false" name="denyAdministrators">
            <users/>
            <groups/>
        </role>
    </roleMap>
    <history>
        <historyInfo versionUuid="_a-0000ec29-b861-8000-9c5e-011c48011c48_2854733"/>
        <historyInfo versionUuid="_a-0000ec63-bb64-8000-9c60-011c48011c48_2862932"/>
        <historyInfo versionUuid="_a-0000ec63-bb64-8000-9c60-011c48011c48_2863009"/>
        <historyInfo versionUuid="_a-0000ec63-bb64-8000-9c60-011c48011c48_2863054"/>
    </history>
</contentHaul>
