<?xml version="1.0" encoding="UTF-8" standalone="yes"?>
<processModelFolderHaul xmlns:a="http://www.appian.com/ae/types/2009">
    <versionUuid>3f705526-b2dd-43dd-a58a-2aecfa38d8ff</versionUuid>
    <processModelFolder>
        <name>DCR Process Models</name>
        <uuid>812ffdbf-83a5-4abc-b929-4230adf3168c</uuid>
        <description>Stores process models for the application</description>
    </processModelFolder>
    <roleMap>
        <role name="ADMIN_OWNER">
            <users/>
            <groups>
                <groupUuid>839b8276-38ad-49d7-96b6-3775afc2f7c1</groupUuid>
            </groups>
        </role>
        <role name="EDITOR">
            <users/>
            <groups/>
        </role>
        <role name="EXPLICIT_NONMEMBER">
            <users/>
            <groups/>
        </role>
        <role name="VIEWER">
            <users/>
            <groups>
                <groupUuid>10c7e6df-ddd8-4267-ab03-272a3cb241df</groupUuid>
            </groups>
        </role>
        <role name="MANAGER">
            <users/>
            <groups/>
        </role>
        <role name="INITIATOR">
            <users/>
            <groups/>
        </role>
    </roleMap>
    <history>
        <historyInfo versionUuid="3f705526-b2dd-43dd-a58a-2aecfa38d8ff"/>
    </history>
</processModelFolderHaul>
