<?xml version="1.0" encoding="UTF-8"?>
<processModelHaul>
  <versionUuid>0001ec5b-1914-8000-b7d6-7f0000014e7a</versionUuid>
  <folderUuid>812ffdbf-83a5-4abc-b929-4230adf3168c</folderUuid>
  <roleMap>
    <role name="ADMIN_OWNER">
      <users/>
      <groups>
        <groupUuid>839b8276-38ad-49d7-96b6-3775afc2f7c1</groupUuid>
      </groups>
    </role>
    <role name="EDITOR">
      <users/>
      <groups/>
    </role>
    <role name="EXPLICIT_NONMEMBER">
      <users/>
      <groups/>
    </role>
    <role name="VIEWER">
      <users/>
      <groups>
        <groupUuid>10c7e6df-ddd8-4267-ab03-272a3cb241df</groupUuid>
      </groups>
    </role>
    <role name="MANAGER">
      <users/>
      <groups/>
    </role>
    <role name="INITIATOR">
      <users/>
      <groups/>
    </role>
  </roleMap>
  <process_model_port schemaVersion="007.000.004"
    xmlns="http://www.appian.com/ae/types/2009"
    xmlns:a="http://www.appian.com/ae/types/2009"
    xmlns:xsd="http://www.w3.org/2001/XMLSchema" xmlns:xsi="http://www.w3.org/2001/XMLSchema-instance">
    <pm>
      <meta>
        <uuid><![CDATA[0002ec5a-f397-8000-b7c7-7f0000014e7a]]></uuid>
        <name>
          <string-map>
            <pair>
              <locale country="US" lang="en" variant=""/>
              <value><![CDATA[DCR ThirdParty Review]]></value>
            </pair>
            <pair>
              <locale country="" lang="el" variant=""/>
              <value/>
            </pair>
          </string-map>
        </name>
        <desc>
          <string-map>
            <pair>
              <locale country="US" lang="en" variant=""/>
              <value/>
            </pair>
            <pair>
              <locale country="" lang="el" variant=""/>
              <value/>
            </pair>
          </string-map>
        </desc>
        <versionStatus>2</versionStatus>
        <process-name>
          <string-map>
            <pair>
              <locale country="US" lang="en" variant=""/>
              <value><![CDATA[DCR ThirdParty Review]]></value>
            </pair>
            <pair>
              <locale country="" lang="el" variant=""/>
              <value/>
            </pair>
          </string-map>
        </process-name>
        <deadline>
          <enabled>false</enabled>
          <type>0</type>
          <units>0</units>
          <rex/>
          <aex/>
        </deadline>
        <pm-notification-settings>
          <custom-settings>false</custom-settings>
          <notify-initiator>false</notify-initiator>
          <notify-owner>false</notify-owner>
          <usersandgroups/>
          <recipients-exp/>
        </pm-notification-settings>
        <cleanup-action>3</cleanup-action>
        <auto-archive-delay>7</auto-archive-delay>
        <auto-delete-delay>0</auto-delete-delay>
        <timeZoneId><![CDATA[IST]]></timeZoneId>
        <useProcessInitiatorTimeZone>true</useProcessInitiatorTimeZone>
      </meta>
      <pvs>
        <pv name="DCR_questions">
          <a:value xmlns:n1="urn:com:appian:recordtype:datatype"
            xsi:nil="true" xsi:type="n1:0ba2b6b1-3d23-4d1f-9a01-0b77d05aff0a?list"/>
          <parameter>false</parameter>
          <required>false</required>
          <hidden>false</hidden>
        </pv>
        <pv name="DCR_Task">
          <a:value xmlns:n1="urn:com:appian:recordtype:datatype"
            xsi:nil="true" xsi:type="n1:933d511d-4a24-4da2-a058-c7f497bfd5c8"/>
          <parameter>true</parameter>
          <required>false</required>
          <hidden>false</hidden>
        </pv>
        <pv name="questionKeyValue">
          <a:value xsi:nil="true" xsi:type="a:Map"/>
          <parameter>true</parameter>
          <required>false</required>
          <hidden>false</hidden>
        </pv>
      </pvs>
      <nodes>
        <node uuid="0000ec5a-f397-8000-b7c7-7f0000014e7a">
          <guiId>0</guiId>
          <owner/>
          <icon id="50"/>
          <picon id="0"/>
          <fname>
            <string-map>
              <pair>
                <locale country="US" lang="en" variant=""/>
                <value><![CDATA[Start Node]]></value>
              </pair>
              <pair>
                <locale country="" lang="el" variant=""/>
                <value><![CDATA[Start Node]]></value>
              </pair>
            </string-map>
          </fname>
          <x>112</x>
          <y>112</y>
          <display>
            <string-map>
              <pair>
                <locale country="US" lang="en" variant=""/>
                <value><![CDATA[Start Node]]></value>
              </pair>
              <pair>
                <locale country="" lang="el" variant=""/>
                <value><![CDATA[Start Node]]></value>
              </pair>
            </string-map>
          </display>
          <desc>
            <string-map>
              <pair>
                <locale country="US" lang="en" variant=""/>
                <value/>
              </pair>
              <pair>
                <locale country="" lang="el" variant=""/>
                <value/>
              </pair>
            </string-map>
          </desc>
          <notify>false</notify>
          <confirmation-url/>
          <lane/>
          <overrideLaneAssignment>false</overrideLaneAssignment>
          <ac>
            <local-id>core.0</local-id>
            <name><![CDATA[Start Node]]></name>
            <acps/>
            <custom-params/>
            <output-exprs/>
            <requires-user-interaction>true</requires-user-interaction>
            <run-as>
              <performer id="0"/>
            </run-as>
            <form-map/>
            <helper-class/>
          </ac>
          <multiple-instance/>
          <escalations/>
          <connections>
            <connection>
              <guiId>1</guiId>
              <to>2</to>
              <toObjectType>ap.gui.Node</toObjectType>
              <fromAnchor/>
              <toAnchor/>
              <showArrowhead>true</showArrowhead>
              <flowLabel/>
              <label>
                <fontColor>#000</fontColor>
                <fontFamily>Appian Open Sans, Sans-Serif</fontFamily>
                <fontSize>12</fontSize>
                <bold>false</bold>
                <italics>false</italics>
                <underline>false</underline>
              </label>
              <associations/>
              <chained>true</chained>
              <overridesAssignment>true</overridesAssignment>
              <synchronizeData>false</synchronizeData>
            </connection>
          </connections>
          <associations/>
          <target-completion>5.0</target-completion>
          <target-lag>1.0</target-lag>
          <attachments/>
          <notes/>
          <lingering>false</lingering>
          <on-create-ignore-if-active>false</on-create-ignore-if-active>
          <on-create-delete-previous-active>false</on-create-delete-previous-active>
          <on-complete-delete-previous-completed>false</on-complete-delete-previous-completed>
          <pre-triggers/>
          <post-triggers/>
          <event-producers/>
          <exception-flow/>
          <label>
            <fontColor>#000000</fontColor>
            <fontFamily>Appian Open Sans, Sans-Serif</fontFamily>
            <fontSize>12</fontSize>
            <bold>false</bold>
            <italics>false</italics>
            <underline>false</underline>
          </label>
          <deadline>
            <enabled>false</enabled>
            <type>0</type>
            <units>0</units>
            <rex/>
            <aex/>
          </deadline>
          <allowsBack>false</allowsBack>
          <refreshDefaultValues>false</refreshDefaultValues>
          <on-complete-keep-form-data>false</on-complete-keep-form-data>
          <skipNotification>false</skipNotification>
        </node>
        <node uuid="0001ec5a-f397-8000-b7c7-7f0000014e7a">
          <guiId>1</guiId>
          <owner/>
          <icon id="51"/>
          <picon id="0"/>
          <fname>
            <string-map>
              <pair>
                <locale country="US" lang="en" variant=""/>
                <value><![CDATA[End Node]]></value>
              </pair>
              <pair>
                <locale country="" lang="el" variant=""/>
                <value><![CDATA[End Node]]></value>
              </pair>
            </string-map>
          </fname>
          <x>868</x>
          <y>112</y>
          <display>
            <string-map>
              <pair>
                <locale country="US" lang="en" variant=""/>
                <value><![CDATA[End Node]]></value>
              </pair>
              <pair>
                <locale country="" lang="el" variant=""/>
                <value><![CDATA[End Node]]></value>
              </pair>
            </string-map>
          </display>
          <desc>
            <string-map>
              <pair>
                <locale country="US" lang="en" variant=""/>
                <value/>
              </pair>
              <pair>
                <locale country="" lang="el" variant=""/>
                <value/>
              </pair>
            </string-map>
          </desc>
          <notify>false</notify>
          <confirmation-url/>
          <lane/>
          <overrideLaneAssignment>false</overrideLaneAssignment>
          <ac>
            <local-id>core.1</local-id>
            <name><![CDATA[End Node]]></name>
            <acps>
              <acp name="pmID">
                <a:value xsi:nil="true" xsi:type="a:ProcessModel"/>
                <a:local-id>0</a:local-id>
                <a:expr/>
                <a:required>0</a:required>
                <a:editable>0</a:editable>
                <a:assign-to-pv/>
                <a:input-to-activity-class>true</a:input-to-activity-class>
                <a:hidden-from-designer>false</a:hidden-from-designer>
                <a:generated>false</a:generated>
                <a:enumeration/>
                <a:customDisplayReference/>
              </acp>
              <acp name="inMap">
                <a:value xsi:nil="true" xsi:type="a:Bean?list"/>
                <a:local-id>1</a:local-id>
                <a:expr/>
                <a:required>0</a:required>
                <a:editable>1</a:editable>
                <a:assign-to-pv/>
                <a:input-to-activity-class>true</a:input-to-activity-class>
                <a:hidden-from-designer>false</a:hidden-from-designer>
                <a:generated>false</a:generated>
                <a:enumeration/>
                <a:customDisplayReference/>
              </acp>
              <acp name="procInheritsPriority">
                <a:value xmlns="" xsi:type="xsd:int">1</a:value>
                <a:local-id>5</a:local-id>
                <a:expr/>
                <a:required>0</a:required>
                <a:editable>1</a:editable>
                <a:assign-to-pv/>
                <a:input-to-activity-class>false</a:input-to-activity-class>
                <a:hidden-from-designer>false</a:hidden-from-designer>
                <a:generated>false</a:generated>
                <a:enumeration/>
                <a:customDisplayReference/>
              </acp>
              <acp name="pmUUID">
                <a:value xsi:nil="true" xsi:type="xsd:string"/>
                <a:local-id>6</a:local-id>
                <a:expr/>
                <a:required>0</a:required>
                <a:editable>1</a:editable>
                <a:assign-to-pv/>
                <a:input-to-activity-class>true</a:input-to-activity-class>
                <a:hidden-from-designer>false</a:hidden-from-designer>
                <a:generated>false</a:generated>
                <a:enumeration/>
                <a:customDisplayReference/>
              </acp>
              <acp name="isAsynchronous">
                <a:value xmlns="" xsi:type="xsd:boolean">true</a:value>
                <a:local-id>7</a:local-id>
                <a:expr/>
                <a:required>1</a:required>
                <a:editable>0</a:editable>
                <a:assign-to-pv/>
                <a:input-to-activity-class>true</a:input-to-activity-class>
                <a:hidden-from-designer>true</a:hidden-from-designer>
                <a:generated>false</a:generated>
                <a:enumeration/>
                <a:customDisplayReference/>
              </acp>
              <acp name="isTransparent">
                <a:value xmlns="" xsi:type="xsd:boolean">true</a:value>
                <a:local-id>14</a:local-id>
                <a:expr/>
                <a:required>1</a:required>
                <a:editable>1</a:editable>
                <a:assign-to-pv/>
                <a:input-to-activity-class>true</a:input-to-activity-class>
                <a:hidden-from-designer>true</a:hidden-from-designer>
                <a:generated>false</a:generated>
                <a:enumeration/>
                <a:customDisplayReference/>
              </acp>
              <acp name="inheritSecurity">
                <a:value xmlns="" xsi:type="xsd:boolean">false</a:value>
                <a:local-id>15</a:local-id>
                <a:expr/>
                <a:required>1</a:required>
                <a:editable>1</a:editable>
                <a:assign-to-pv/>
                <a:input-to-activity-class>true</a:input-to-activity-class>
                <a:hidden-from-designer>true</a:hidden-from-designer>
                <a:generated>false</a:generated>
                <a:enumeration/>
                <a:customDisplayReference/>
              </acp>
            </acps>
            <custom-params/>
            <output-exprs/>
            <requires-user-interaction>true</requires-user-interaction>
            <run-as>
              <performer id="0"/>
            </run-as>
            <form-map/>
            <helper-class/>
          </ac>
          <multiple-instance/>
          <escalations/>
          <connections/>
          <associations/>
          <target-completion>5.0</target-completion>
          <target-lag>1.0</target-lag>
          <attachments/>
          <notes/>
          <lingering>false</lingering>
          <on-create-ignore-if-active>false</on-create-ignore-if-active>
          <on-create-delete-previous-active>false</on-create-delete-previous-active>
          <on-complete-delete-previous-completed>false</on-complete-delete-previous-completed>
          <pre-triggers/>
          <post-triggers/>
          <event-producers/>
          <exception-flow/>
          <label>
            <fontColor>#000000</fontColor>
            <fontFamily>Appian Open Sans, Sans-Serif</fontFamily>
            <fontSize>12</fontSize>
            <bold>false</bold>
            <italics>false</italics>
            <underline>false</underline>
          </label>
          <deadline>
            <enabled>false</enabled>
            <type>0</type>
            <units>0</units>
            <rex/>
            <aex/>
          </deadline>
          <allowsBack>false</allowsBack>
          <refreshDefaultValues>false</refreshDefaultValues>
          <on-complete-keep-form-data>false</on-complete-keep-form-data>
          <skipNotification>false</skipNotification>
        </node>
        <node uuid="0002ec5b-163c-8000-b7d2-7f0000014e7a">
          <guiId>3</guiId>
          <owner/>
          <icon id="68"/>
          <picon id="69"/>
          <fname>
            <string-map>
              <pair>
                <locale country="US" lang="en" variant=""/>
                <value><![CDATA[Script Task]]></value>
              </pair>
              <pair>
                <locale country="" lang="el" variant=""/>
                <value/>
              </pair>
            </string-map>
          </fname>
          <x>532</x>
          <y>112</y>
          <display>
            <string-map>
              <pair>
                <locale country="US" lang="en" variant=""/>
                <value><![CDATA[Script Task]]></value>
              </pair>
              <pair>
                <locale country="" lang="el" variant=""/>
                <value/>
              </pair>
            </string-map>
          </display>
          <desc>
            <string-map>
              <pair>
                <locale country="US" lang="en" variant=""/>
                <value/>
              </pair>
              <pair>
                <locale country="" lang="el" variant=""/>
                <value/>
              </pair>
            </string-map>
          </desc>
          <notify>false</notify>
          <confirmation-url/>
          <lane/>
          <overrideLaneAssignment>false</overrideLaneAssignment>
          <ac>
            <local-id>internal.16</local-id>
            <name><![CDATA[Unattended Multiple Questions]]></name>
            <acps/>
            <custom-params/>
            <output-exprs>
              <el typeFlag="0"><![CDATA[DCR_questions:#"_a-0000ec29-b861-8000-9c5e-011c48011c48_2849845"(questionFieldKeyValue: pv!questionKeyValue,dcr_questionmapping: pv!DCR_questions)]]></el>
            </output-exprs>
            <requires-user-interaction>true</requires-user-interaction>
            <run-as>
              <performer id="0"/>
            </run-as>
            <form-map/>
            <helper-class/>
          </ac>
          <multiple-instance/>
          <escalations/>
          <connections>
            <connection>
              <guiId>7</guiId>
              <to>6</to>
              <toObjectType>ap.gui.Node</toObjectType>
              <fromAnchor/>
              <toAnchor/>
              <showArrowhead>true</showArrowhead>
              <flowLabel/>
              <label>
                <fontColor>#000</fontColor>
                <fontFamily>Appian Open Sans, Sans-Serif</fontFamily>
                <fontSize>12</fontSize>
                <bold>false</bold>
                <italics>false</italics>
                <underline>false</underline>
              </label>
              <associations/>
              <chained>true</chained>
              <overridesAssignment>true</overridesAssignment>
              <synchronizeData>false</synchronizeData>
            </connection>
          </connections>
          <associations/>
          <target-completion>5.0</target-completion>
          <target-lag>1.0</target-lag>
          <attachments/>
          <notes/>
          <lingering>false</lingering>
          <on-create-ignore-if-active>false</on-create-ignore-if-active>
          <on-create-delete-previous-active>false</on-create-delete-previous-active>
          <on-complete-delete-previous-completed>false</on-complete-delete-previous-completed>
          <pre-triggers/>
          <post-triggers/>
          <event-producers/>
          <exception-flow/>
          <label>
            <fontColor>#000</fontColor>
            <fontFamily>Appian Open Sans, Sans-Serif</fontFamily>
            <fontSize>12</fontSize>
            <bold>false</bold>
            <italics>false</italics>
            <underline>false</underline>
          </label>
          <deadline>
            <enabled>false</enabled>
            <type>0</type>
            <units>0</units>
            <rex/>
            <aex/>
          </deadline>
          <allowsBack>false</allowsBack>
          <refreshDefaultValues>false</refreshDefaultValues>
          <on-complete-keep-form-data>false</on-complete-keep-form-data>
          <skipNotification>false</skipNotification>
        </node>
        <node uuid="0003ec5b-163c-8000-b7d2-7f0000014e7a">
          <guiId>6</guiId>
          <owner/>
          <icon id="155"/>
          <picon id="155"/>
          <fname>
            <string-map>
              <pair>
                <locale country="US" lang="en" variant=""/>
                <value><![CDATA[Write Records]]></value>
              </pair>
              <pair>
                <locale country="" lang="el" variant=""/>
                <value/>
              </pair>
            </string-map>
          </fname>
          <x>700</x>
          <y>112</y>
          <display>
            <string-map>
              <pair>
                <locale country="US" lang="en" variant=""/>
                <value><![CDATA[Write Records]]></value>
              </pair>
              <pair>
                <locale country="" lang="el" variant=""/>
                <value/>
              </pair>
            </string-map>
          </display>
          <desc>
            <string-map>
              <pair>
                <locale country="US" lang="en" variant=""/>
                <value/>
              </pair>
              <pair>
                <locale country="" lang="el" variant=""/>
                <value/>
              </pair>
            </string-map>
          </desc>
          <notify>false</notify>
          <confirmation-url/>
          <lane/>
          <overrideLaneAssignment>false</overrideLaneAssignment>
          <ac>
            <local-id>internal3.write_records_to_source_23r3</local-id>
            <name><![CDATA[Write Records and Related Records]]></name>
            <acps>
              <acp name="Records">
                <a:value xsi:nil="true" xsi:type="a:Variant?list"/>
                <a:local-id>records</a:local-id>
                <a:expr><![CDATA[=pv!DCR_questions]]></a:expr>
                <a:required>1</a:required>
                <a:editable>1</a:editable>
                <a:assign-to-pv/>
                <a:input-to-activity-class>true</a:input-to-activity-class>
                <a:hidden-from-designer>true</a:hidden-from-designer>
                <a:generated>false</a:generated>
                <a:enumeration/>
                <a:customDisplayReference/>
              </acp>
              <acp name="PauseOnError">
                <a:value xmlns="" xsi:type="xsd:boolean">true</a:value>
                <a:local-id>pauseonerror</a:local-id>
                <a:expr/>
                <a:required>0</a:required>
                <a:editable>1</a:editable>
                <a:assign-to-pv/>
                <a:input-to-activity-class>true</a:input-to-activity-class>
                <a:hidden-from-designer>false</a:hidden-from-designer>
                <a:generated>false</a:generated>
                <a:enumeration/>
                <a:customDisplayReference/>
              </acp>
              <acp name="Version">
                <a:value xmlns="" xsi:type="xsd:int">6</a:value>
                <a:local-id>version</a:local-id>
                <a:expr/>
                <a:required>1</a:required>
                <a:editable>0</a:editable>
                <a:assign-to-pv/>
                <a:input-to-activity-class>true</a:input-to-activity-class>
                <a:hidden-from-designer>true</a:hidden-from-designer>
                <a:generated>false</a:generated>
                <a:enumeration/>
                <a:customDisplayReference/>
              </acp>
              <acp name="RecordType">
                <a:value xsi:nil="true" xsi:type="a:RecordType2"/>
                <a:local-id>recordtype</a:local-id>
                <a:expr><![CDATA[=#"urn:appian:record-type:v1:0ba2b6b1-3d23-4d1f-9a01-0b77d05aff0a"]]></a:expr>
                <a:required>1</a:required>
                <a:editable>1</a:editable>
                <a:assign-to-pv/>
                <a:input-to-activity-class>true</a:input-to-activity-class>
                <a:hidden-from-designer>true</a:hidden-from-designer>
                <a:generated>false</a:generated>
                <a:enumeration/>
                <a:customDisplayReference/>
              </acp>
              <acp name="CaptureEvents">
                <a:value xmlns="" xsi:type="xsd:boolean">false</a:value>
                <a:local-id>captureevents</a:local-id>
                <a:expr/>
                <a:required>1</a:required>
                <a:editable>1</a:editable>
                <a:assign-to-pv/>
                <a:input-to-activity-class>true</a:input-to-activity-class>
                <a:hidden-from-designer>true</a:hidden-from-designer>
                <a:generated>false</a:generated>
                <a:enumeration/>
                <a:customDisplayReference/>
              </acp>
              <acp name="RecordsUpdated">
                <a:value xsi:nil="true" xsi:type="a:Variant?list"/>
                <a:local-id>recordsupdated</a:local-id>
                <a:expr/>
                <a:required>0</a:required>
                <a:editable>1</a:editable>
                <a:assign-to-pv/>
                <a:input-to-activity-class>false</a:input-to-activity-class>
                <a:hidden-from-designer>false</a:hidden-from-designer>
                <a:generated>false</a:generated>
                <a:enumeration/>
                <a:customDisplayReference/>
              </acp>
              <acp name="ErrorOccurred">
                <a:value xsi:nil="true" xsi:type="xsd:boolean"/>
                <a:local-id>erroroccurred</a:local-id>
                <a:expr/>
                <a:required>0</a:required>
                <a:editable>1</a:editable>
                <a:assign-to-pv/>
                <a:input-to-activity-class>false</a:input-to-activity-class>
                <a:hidden-from-designer>false</a:hidden-from-designer>
                <a:generated>false</a:generated>
                <a:enumeration/>
                <a:customDisplayReference/>
              </acp>
              <acp name="Error">
                <a:value xsi:nil="true" xsi:type="xsd:string"/>
                <a:local-id>errors</a:local-id>
                <a:expr/>
                <a:required>0</a:required>
                <a:editable>1</a:editable>
                <a:assign-to-pv/>
                <a:input-to-activity-class>false</a:input-to-activity-class>
                <a:hidden-from-designer>false</a:hidden-from-designer>
                <a:generated>false</a:generated>
                <a:enumeration/>
                <a:customDisplayReference/>
              </acp>
            </acps>
            <custom-params/>
            <output-exprs/>
            <requires-user-interaction>true</requires-user-interaction>
            <run-as>
              <performer id="0"/>
            </run-as>
            <form-map>
              <pair>
                <locale country="" lang="el" variant=""/>
                <form-config>
                  <form>
                    <type>3</type>
                    <enabled>false</enabled>
                    <dynamic-form>
                      <form-elements/>
                    </dynamic-form>
                    <uiExpressionForm>
                      <expression><![CDATA[=/*41707069616E-GEN-DEBUG*/=a!formLayout(
  buttons: a!buttonLayout(
    primaryButtons: {
      a!buttonWidgetSubmit(
        label: "OK",
        style: "PRIMARY"
      )
    }
  ))]]></expression>
                    </uiExpressionForm>
                    <hiddenSections>16</hiddenSections>
                  </form>
                </form-config>
              </pair>
              <pair>
                <locale country="US" lang="en" variant=""/>
                <form-config>
                  <form>
                    <type>3</type>
                    <enabled>true</enabled>
                    <dynamic-form>
                      <form-elements/>
                    </dynamic-form>
                    <uiExpressionForm>
                      <expression><![CDATA[=/*41707069616E-GEN-DEBUG*/=a!formLayout(
  buttons: a!buttonLayout(
    primaryButtons: {
      a!buttonWidgetSubmit(
        label: "OK",
        style: "PRIMARY"
      )
    }
  ))]]></expression>
                    </uiExpressionForm>
                    <hiddenSections>16</hiddenSections>
                  </form>
                </form-config>
              </pair>
            </form-map>
            <helper-class/>
          </ac>
          <multiple-instance/>
          <escalations/>
          <connections>
            <connection>
              <guiId>8</guiId>
              <to>1</to>
              <toObjectType>ap.gui.Node</toObjectType>
              <fromAnchor/>
              <toAnchor/>
              <showArrowhead>true</showArrowhead>
              <flowLabel/>
              <label>
                <fontColor>#000</fontColor>
                <fontFamily>Appian Open Sans, Sans-Serif</fontFamily>
                <fontSize>12</fontSize>
                <bold>false</bold>
                <italics>false</italics>
                <underline>false</underline>
              </label>
              <associations/>
              <chained>false</chained>
              <overridesAssignment>true</overridesAssignment>
              <synchronizeData>false</synchronizeData>
            </connection>
          </connections>
          <associations/>
          <target-completion>5.0</target-completion>
          <target-lag>1.0</target-lag>
          <attachments/>
          <notes/>
          <lingering>false</lingering>
          <on-create-ignore-if-active>false</on-create-ignore-if-active>
          <on-create-delete-previous-active>false</on-create-delete-previous-active>
          <on-complete-delete-previous-completed>false</on-complete-delete-previous-completed>
          <pre-triggers/>
          <post-triggers/>
          <event-producers/>
          <exception-flow/>
          <label>
            <fontColor>#000</fontColor>
            <fontFamily>Appian Open Sans, Sans-Serif</fontFamily>
            <fontSize>12</fontSize>
            <bold>false</bold>
            <italics>false</italics>
            <underline>false</underline>
          </label>
          <deadline>
            <enabled>false</enabled>
            <type>0</type>
            <units>0</units>
            <rex/>
            <aex/>
          </deadline>
          <allowsBack>false</allowsBack>
          <refreshDefaultValues>false</refreshDefaultValues>
          <on-complete-keep-form-data>false</on-complete-keep-form-data>
          <skipNotification>false</skipNotification>
        </node>
        <node uuid="0001ec5b-163c-8000-b7d2-7f0000014e7a">
          <guiId>2</guiId>
          <owner/>
          <icon id="21"/>
          <picon id="1"/>
          <fname>
            <string-map>
              <pair>
                <locale country="US" lang="en" variant=""/>
                <value><![CDATA[Due Diligence]]></value>
              </pair>
              <pair>
                <locale country="" lang="el" variant=""/>
                <value/>
              </pair>
            </string-map>
          </fname>
          <x>308</x>
          <y>112</y>
          <display>
            <string-map>
              <pair>
                <locale country="US" lang="en" variant=""/>
                <value><![CDATA[Due Diligence]]></value>
              </pair>
              <pair>
                <locale country="" lang="el" variant=""/>
                <value/>
              </pair>
            </string-map>
          </display>
          <desc>
            <string-map>
              <pair>
                <locale country="US" lang="en" variant=""/>
                <value/>
              </pair>
              <pair>
                <locale country="" lang="el" variant=""/>
                <value/>
              </pair>
            </string-map>
          </desc>
          <notify>false</notify>
          <confirmation-url/>
          <lane/>
          <overrideLaneAssignment>false</overrideLaneAssignment>
          <assignments>
            <assignee>
              <type>28</type>
              <privilege>3</privilege>
              <value>
                <ac>
                  <local-id>assignee-pool.101</local-id>
                  <name><![CDATA[Assign To Actor]]></name>
                  <acps>
                    <acp name="displayName">
                      <a:value xsi:nil="true" xsi:type="xsd:string"/>
                      <a:local-id>0</a:local-id>
                      <a:expr/>
                      <a:required>1</a:required>
                      <a:editable>2</a:editable>
                      <a:assign-to-pv/>
                      <a:input-to-activity-class>true</a:input-to-activity-class>
                      <a:hidden-from-designer>false</a:hidden-from-designer>
                      <a:generated>false</a:generated>
                      <a:enumeration/>
                      <a:customDisplayReference/>
                    </acp>
                    <acp name="expression">
                      <a:value xmlns="" xsi:type="a:UserOrGroup?list"/>
                      <a:local-id>1</a:local-id>
                      <a:expr><![CDATA[pp!initiator]]></a:expr>
                      <a:required>0</a:required>
                      <a:editable>2</a:editable>
                      <a:assign-to-pv/>
                      <a:input-to-activity-class>true</a:input-to-activity-class>
                      <a:hidden-from-designer>false</a:hidden-from-designer>
                      <a:generated>false</a:generated>
                      <a:enumeration/>
                      <a:customDisplayReference/>
                    </acp>
                    <acp name="outUsers">
                      <a:value xsi:nil="true" xsi:type="a:User?list"/>
                      <a:local-id>2</a:local-id>
                      <a:expr/>
                      <a:required>1</a:required>
                      <a:editable>2</a:editable>
                      <a:assign-to-pv/>
                      <a:input-to-activity-class>false</a:input-to-activity-class>
                      <a:hidden-from-designer>false</a:hidden-from-designer>
                      <a:generated>false</a:generated>
                      <a:enumeration/>
                      <a:customDisplayReference/>
                    </acp>
                    <acp name="outGroups">
                      <a:value xsi:nil="true" xsi:type="a:Group?list"/>
                      <a:local-id>3</a:local-id>
                      <a:expr/>
                      <a:required>1</a:required>
                      <a:editable>2</a:editable>
                      <a:assign-to-pv/>
                      <a:input-to-activity-class>false</a:input-to-activity-class>
                      <a:hidden-from-designer>false</a:hidden-from-designer>
                      <a:generated>false</a:generated>
                      <a:enumeration/>
                      <a:customDisplayReference/>
                    </acp>
                  </acps>
                  <custom-params/>
                  <output-exprs/>
                  <requires-user-interaction>true</requires-user-interaction>
                  <run-as>
                    <performer id="0"/>
                  </run-as>
                  <helper-class/>
                </ac>
              </value>
            </assignee>
            <assignment-function/>
            <position>0</position>
            <accept-mode>1</accept-mode>
          </assignments>
          <ac>
            <local-id>internal.17</local-id>
            <name><![CDATA[User Input Task]]></name>
            <acps/>
            <custom-params>
              <acp name="ddqId">
                <a:value xsi:nil="true" xsi:type="xsd:int"/>
                <a:local-id/>
                <a:expr><![CDATA[=pv!DCR_Task[#"urn:appian:record-field:v1:933d511d-4a24-4da2-a058-c7f497bfd5c8/c615a795-5208-41f2-a081-787df33616b4"]]]></a:expr>
                <a:required>0</a:required>
                <a:editable>1</a:editable>
                <a:assign-to-pv/>
                <a:input-to-activity-class>true</a:input-to-activity-class>
                <a:hidden-from-designer>false</a:hidden-from-designer>
                <a:generated>false</a:generated>
                <a:enumeration/>
                <a:customDisplayReference/>
              </acp>
              <acp name="questionFieldKeyValue">
                <a:value xsi:nil="true" xsi:type="a:Map"/>
                <a:local-id/>
                <a:expr><![CDATA[=pv!questionKeyValue]]></a:expr>
                <a:required>0</a:required>
                <a:editable>1</a:editable>
                <a:assign-to-pv><![CDATA[questionKeyValue]]></a:assign-to-pv>
                <a:input-to-activity-class>true</a:input-to-activity-class>
                <a:hidden-from-designer>false</a:hidden-from-designer>
                <a:generated>false</a:generated>
                <a:enumeration/>
                <a:customDisplayReference/>
              </acp>
              <acp name="DCR_questions">
                <a:value xmlns:n1="urn:com:appian:recordtype:datatype"
                  xsi:nil="true" xsi:type="n1:0ba2b6b1-3d23-4d1f-9a01-0b77d05aff0a?list"/>
                <a:local-id/>
                <a:expr><![CDATA[=pv!DCR_questions]]></a:expr>
                <a:required>0</a:required>
                <a:editable>1</a:editable>
                <a:assign-to-pv><![CDATA[DCR_questions]]></a:assign-to-pv>
                <a:input-to-activity-class>true</a:input-to-activity-class>
                <a:hidden-from-designer>false</a:hidden-from-designer>
                <a:generated>false</a:generated>
                <a:enumeration/>
                <a:customDisplayReference/>
              </acp>
            </custom-params>
            <output-exprs/>
            <requires-user-interaction>false</requires-user-interaction>
            <run-as>
              <performer id="0"/>
            </run-as>
            <form-map>
              <pair>
                <locale country="" lang="el" variant=""/>
                <form-config>
                  <form>
                    <type>3</type>
                    <enabled>false</enabled>
                    <dynamic-form>
                      <form-elements/>
                    </dynamic-form>
                    <uiExpressionForm>
                      <expression><![CDATA[/*41707069616E-GEN-DEBUG*/=#"SYSTEM_SYSRULES_formLayout_v1"(
  buttons: #"SYSTEM_SYSRULES_ButtonLayout"(
    primaryButtons: {
      #"SYSTEM_SYSRULES_ButtonWidgetSubmit"(
        label: "OK",
        style: "PRIMARY"
      )
    }
  ))]]></expression>
                    </uiExpressionForm>
                    <hiddenSections>16</hiddenSections>
                  </form>
                </form-config>
              </pair>
              <pair>
                <locale country="US" lang="en" variant=""/>
                <form-config>
                  <form>
                    <type>3</type>
                    <enabled>true</enabled>
                    <dynamic-form>
                      <form-elements/>
                    </dynamic-form>
                    <uiExpressionForm>
                      <expression><![CDATA[/*41707069616E-GEN*/#"_a-0000ec29-b861-8000-9c5e-011c48011c48_2843480"(
	ddqId: ac!ddqId,
	questionFieldKeyValue: ac!questionFieldKeyValue,
	DCR_questions: ac!DCR_questions
)]]></expression>
                    </uiExpressionForm>
                    <interfaceInformation>
                      <name>DCR_DDQUI</name>
                      <uuid>_a-0000ec29-b861-8000-9c5e-011c48011c48_2843480</uuid>
                      <ruleInputs>
                        <ruleInput>
                          <name>ddqId</name>
                          <typeQName>{http://www.appian.com/ae/types/2009}Integer</typeQName>
                          <value><![CDATA[ac!ddqId]]></value>
                        </ruleInput>
                        <ruleInput>
                          <name>questionFieldKeyValue</name>
                          <typeQName>{http://www.appian.com/ae/types/2009}Map</typeQName>
                          <value><![CDATA[ac!questionFieldKeyValue]]></value>
                        </ruleInput>
                        <ruleInput>
                          <name>DCR_questions</name>
                          <typeQName>{urn:com:appian:recordtype:datatype}0ba2b6b1-3d23-4d1f-9a01-0b77d05aff0a?list</typeQName>
                          <value><![CDATA[ac!DCR_questions]]></value>
                        </ruleInput>
                      </ruleInputs>
                    </interfaceInformation>
                    <hiddenSections>17</hiddenSections>
                  </form>
                </form-config>
              </pair>
            </form-map>
            <helper-class/>
          </ac>
          <multiple-instance/>
          <escalations/>
          <connections>
            <connection>
              <guiId>4</guiId>
              <to>3</to>
              <toObjectType>ap.gui.Node</toObjectType>
              <fromAnchor/>
              <toAnchor/>
              <showArrowhead>true</showArrowhead>
              <flowLabel/>
              <label>
                <fontColor>#000</fontColor>
                <fontFamily>Appian Open Sans, Sans-Serif</fontFamily>
                <fontSize>12</fontSize>
                <bold>false</bold>
                <italics>false</italics>
                <underline>false</underline>
              </label>
              <associations/>
              <chained>true</chained>
              <overridesAssignment>true</overridesAssignment>
              <synchronizeData>false</synchronizeData>
            </connection>
          </connections>
          <associations/>
          <target-completion>5.0</target-completion>
          <target-lag>1.0</target-lag>
          <attachments/>
          <notes/>
          <lingering>false</lingering>
          <on-create-ignore-if-active>false</on-create-ignore-if-active>
          <on-create-delete-previous-active>false</on-create-delete-previous-active>
          <on-complete-delete-previous-completed>false</on-complete-delete-previous-completed>
          <pre-triggers/>
          <post-triggers/>
          <event-producers/>
          <exception-flow/>
          <label>
            <fontColor>#000</fontColor>
            <fontFamily>Appian Open Sans, Sans-Serif</fontFamily>
            <fontSize>12</fontSize>
            <bold>false</bold>
            <italics>false</italics>
            <underline>false</underline>
          </label>
          <deadline>
            <enabled>false</enabled>
            <type>0</type>
            <units>0</units>
            <rex/>
            <aex/>
          </deadline>
          <allowsBack>false</allowsBack>
          <refreshDefaultValues>false</refreshDefaultValues>
          <on-complete-keep-form-data>false</on-complete-keep-form-data>
          <skipNotification>true</skipNotification>
        </node>
      </nodes>
      <annotations/>
      <lanes/>
      <attachments/>
      <notes/>
      <priority id="1"/>
      <form-map>
        <pair>
          <locale country="" lang="el" variant=""/>
          <form-config>
            <form>
              <type>3</type>
              <enabled>false</enabled>
              <dynamic-form>
                <form-elements/>
              </dynamic-form>
              <hiddenSections>16</hiddenSections>
            </form>
          </form-config>
        </pair>
        <pair>
          <locale country="US" lang="en" variant=""/>
          <form-config>
            <form>
              <type>3</type>
              <enabled>true</enabled>
              <dynamic-form>
                <form-elements/>
              </dynamic-form>
              <hiddenSections>16</hiddenSections>
            </form>
          </form-config>
        </pair>
      </form-map>
      <isPublic>false</isPublic>
      <isEPEx>false</isEPEx>
    </pm>
  </process_model_port>
  <isPublished>true</isPublished>
  <history>
    <historyInfo versionUuid="0001ec5b-1914-8000-b7d6-7f0000014e7a"/>
  </history>
</processModelHaul>
