<?xml version="1.0" encoding="UTF-8"?>
<processModelHaul>
  <versionUuid>0002ec5e-e6dc-8000-b847-7f0000014e7a</versionUuid>
  <folderUuid>812ffdbf-83a5-4abc-b929-4230adf3168c</folderUuid>
  <roleMap>
    <role name="ADMIN_OWNER">
      <users/>
      <groups>
        <groupUuid>839b8276-38ad-49d7-96b6-3775afc2f7c1</groupUuid>
      </groups>
    </role>
    <role name="EDITOR">
      <users/>
      <groups/>
    </role>
    <role name="EXPLICIT_NONMEMBER">
      <users/>
      <groups/>
    </role>
    <role name="VIEWER">
      <users/>
      <groups>
        <groupUuid>10c7e6df-ddd8-4267-ab03-272a3cb241df</groupUuid>
      </groups>
    </role>
    <role name="MANAGER">
      <users/>
      <groups/>
    </role>
    <role name="INITIATOR">
      <users/>
      <groups/>
    </role>
  </roleMap>
  <process_model_port schemaVersion="007.000.004"
    xmlns="http://www.appian.com/ae/types/2009"
    xmlns:a="http://www.appian.com/ae/types/2009"
    xmlns:xsd="http://www.w3.org/2001/XMLSchema" xmlns:xsi="http://www.w3.org/2001/XMLSchema-instance">
    <pm>
      <meta>
        <uuid><![CDATA[0005ec5d-af10-8000-b81d-7f0000014e7a]]></uuid>
        <name>
          <string-map>
            <pair>
              <locale country="US" lang="en" variant=""/>
              <value><![CDATA[DCR Create or Update Section]]></value>
            </pair>
            <pair>
              <locale country="" lang="el" variant=""/>
              <value/>
            </pair>
          </string-map>
        </name>
        <desc>
          <string-map>
            <pair>
              <locale country="US" lang="en" variant=""/>
              <value/>
            </pair>
            <pair>
              <locale country="" lang="el" variant=""/>
              <value/>
            </pair>
          </string-map>
        </desc>
        <versionStatus>2</versionStatus>
        <process-name>
          <string-map>
            <pair>
              <locale country="US" lang="en" variant=""/>
              <value><![CDATA[="DCR Create Or Update Section- "&pv!dcrSection[#"urn:appian:record-field:v1:10994667-097d-4e53-bdfd-df1b31feb67e/742ef1f8-467a-445e-ba92-87818d6ff04b"]]]></value>
            </pair>
            <pair>
              <locale country="" lang="el" variant=""/>
              <value/>
            </pair>
          </string-map>
        </process-name>
        <deadline>
          <enabled>false</enabled>
          <type>0</type>
          <units>0</units>
          <rex/>
          <aex/>
        </deadline>
        <pm-notification-settings>
          <custom-settings>true</custom-settings>
          <notify-initiator>false</notify-initiator>
          <notify-owner>false</notify-owner>
          <usersandgroups>
            <people>
              <type>4096</type>
              <stringId><![CDATA[839b8276-38ad-49d7-96b6-3775afc2f7c1]]></stringId>
            </people>
          </usersandgroups>
          <recipients-exp/>
        </pm-notification-settings>
        <cleanup-action>1</cleanup-action>
        <auto-archive-delay>3</auto-archive-delay>
        <auto-delete-delay>0</auto-delete-delay>
        <timeZoneId><![CDATA[IST]]></timeZoneId>
        <useProcessInitiatorTimeZone>true</useProcessInitiatorTimeZone>
      </meta>
      <pvs>
        <pv name="button_txt">
          <a:value xmlns="" xsi:type="xsd:string"/>
          <parameter>true</parameter>
          <required>false</required>
          <hidden>false</hidden>
        </pv>
        <pv name="dcrSection">
          <a:value xmlns:n1="urn:com:appian:recordtype:datatype"
            xsi:nil="true" xsi:type="n1:10994667-097d-4e53-bdfd-df1b31feb67e"/>
          <parameter>true</parameter>
          <required>false</required>
          <hidden>false</hidden>
        </pv>
        <pv name="dcrSectionQuestionMapping">
          <a:value xmlns:n1="urn:com:appian:recordtype:datatype"
            xsi:nil="true" xsi:type="n1:739d2f58-c68e-46c8-aef1-6cc371d4a58d?list"/>
          <parameter>true</parameter>
          <required>false</required>
          <hidden>false</hidden>
        </pv>
        <pv name="isUpdate">
          <a:value xsi:nil="true" xsi:type="xsd:boolean"/>
          <parameter>true</parameter>
          <required>false</required>
          <hidden>false</hidden>
        </pv>
      </pvs>
      <nodes>
        <node uuid="0000ec5d-af10-8000-b81d-7f0000014e7a">
          <guiId>0</guiId>
          <owner/>
          <icon id="50"/>
          <picon id="0"/>
          <fname>
            <string-map>
              <pair>
                <locale country="US" lang="en" variant=""/>
                <value><![CDATA[Start Node]]></value>
              </pair>
              <pair>
                <locale country="" lang="el" variant=""/>
                <value><![CDATA[Start Node]]></value>
              </pair>
            </string-map>
          </fname>
          <x>112</x>
          <y>112</y>
          <display>
            <string-map>
              <pair>
                <locale country="US" lang="en" variant=""/>
                <value><![CDATA[Start Node]]></value>
              </pair>
              <pair>
                <locale country="" lang="el" variant=""/>
                <value><![CDATA[Start Node]]></value>
              </pair>
            </string-map>
          </display>
          <desc>
            <string-map>
              <pair>
                <locale country="US" lang="en" variant=""/>
                <value/>
              </pair>
              <pair>
                <locale country="" lang="el" variant=""/>
                <value/>
              </pair>
            </string-map>
          </desc>
          <notify>false</notify>
          <confirmation-url/>
          <lane/>
          <overrideLaneAssignment>false</overrideLaneAssignment>
          <ac>
            <local-id>core.0</local-id>
            <name><![CDATA[Start Node]]></name>
            <acps/>
            <custom-params/>
            <output-exprs/>
            <requires-user-interaction>true</requires-user-interaction>
            <run-as>
              <performer id="0"/>
            </run-as>
            <form-map/>
            <helper-class/>
          </ac>
          <multiple-instance/>
          <escalations/>
          <connections>
            <connection>
              <guiId>3</guiId>
              <to>2</to>
              <toObjectType>ap.gui.Node</toObjectType>
              <fromAnchor/>
              <toAnchor/>
              <showArrowhead>true</showArrowhead>
              <flowLabel/>
              <label>
                <fontColor>#000000</fontColor>
                <fontFamily>Appian Open Sans, Sans-Serif</fontFamily>
                <fontSize>12</fontSize>
                <bold>false</bold>
                <italics>false</italics>
                <underline>false</underline>
              </label>
              <associations/>
              <chained>true</chained>
              <overridesAssignment>true</overridesAssignment>
              <synchronizeData>false</synchronizeData>
            </connection>
          </connections>
          <associations/>
          <target-completion>5.0</target-completion>
          <target-lag>1.0</target-lag>
          <attachments/>
          <notes/>
          <lingering>false</lingering>
          <on-create-ignore-if-active>false</on-create-ignore-if-active>
          <on-create-delete-previous-active>false</on-create-delete-previous-active>
          <on-complete-delete-previous-completed>false</on-complete-delete-previous-completed>
          <pre-triggers/>
          <post-triggers/>
          <event-producers/>
          <exception-flow/>
          <label>
            <fontColor>#000000</fontColor>
            <fontFamily>Appian Open Sans, Sans-Serif</fontFamily>
            <fontSize>12</fontSize>
            <bold>false</bold>
            <italics>false</italics>
            <underline>false</underline>
          </label>
          <deadline>
            <enabled>false</enabled>
            <type>0</type>
            <units>0</units>
            <rex/>
            <aex/>
          </deadline>
          <allowsBack>false</allowsBack>
          <refreshDefaultValues>false</refreshDefaultValues>
          <on-complete-keep-form-data>false</on-complete-keep-form-data>
          <skipNotification>false</skipNotification>
        </node>
        <node uuid="0003ec5d-af10-8000-b81d-7f0000014e7a">
          <guiId>3</guiId>
          <owner/>
          <icon id="155"/>
          <picon id="155"/>
          <fname>
            <string-map>
              <pair>
                <locale country="US" lang="en" variant=""/>
                <value><![CDATA[Write to DCR section Records]]></value>
              </pair>
              <pair>
                <locale country="" lang="el" variant=""/>
                <value/>
              </pair>
            </string-map>
          </fname>
          <x>588</x>
          <y>112</y>
          <display>
            <string-map>
              <pair>
                <locale country="US" lang="en" variant=""/>
                <value><![CDATA[Write to DCR section Records]]></value>
              </pair>
              <pair>
                <locale country="" lang="el" variant=""/>
                <value/>
              </pair>
            </string-map>
          </display>
          <desc>
            <string-map>
              <pair>
                <locale country="US" lang="en" variant=""/>
                <value/>
              </pair>
              <pair>
                <locale country="" lang="el" variant=""/>
                <value/>
              </pair>
            </string-map>
          </desc>
          <notify>false</notify>
          <confirmation-url/>
          <lane/>
          <overrideLaneAssignment>false</overrideLaneAssignment>
          <ac>
            <local-id>internal3.write_records_to_source_23r3</local-id>
            <name><![CDATA[Write Records and Related Records]]></name>
            <acps>
              <acp name="Records">
                <a:value xsi:nil="true" xsi:type="a:Variant?list"/>
                <a:local-id>records</a:local-id>
                <a:expr><![CDATA[pv!dcrSection]]></a:expr>
                <a:required>1</a:required>
                <a:editable>1</a:editable>
                <a:assign-to-pv/>
                <a:input-to-activity-class>true</a:input-to-activity-class>
                <a:hidden-from-designer>true</a:hidden-from-designer>
                <a:generated>false</a:generated>
                <a:enumeration/>
                <a:customDisplayReference/>
              </acp>
              <acp name="PauseOnError">
                <a:value xmlns="" xsi:type="xsd:boolean">true</a:value>
                <a:local-id>pauseonerror</a:local-id>
                <a:expr/>
                <a:required>0</a:required>
                <a:editable>1</a:editable>
                <a:assign-to-pv/>
                <a:input-to-activity-class>true</a:input-to-activity-class>
                <a:hidden-from-designer>false</a:hidden-from-designer>
                <a:generated>false</a:generated>
                <a:enumeration/>
                <a:customDisplayReference/>
              </acp>
              <acp name="Version">
                <a:value xmlns="" xsi:type="xsd:int">6</a:value>
                <a:local-id>version</a:local-id>
                <a:expr/>
                <a:required>1</a:required>
                <a:editable>0</a:editable>
                <a:assign-to-pv/>
                <a:input-to-activity-class>true</a:input-to-activity-class>
                <a:hidden-from-designer>true</a:hidden-from-designer>
                <a:generated>false</a:generated>
                <a:enumeration/>
                <a:customDisplayReference/>
              </acp>
              <acp name="RecordType">
                <a:value xsi:nil="true" xsi:type="a:RecordType2"/>
                <a:local-id>recordtype</a:local-id>
                <a:expr><![CDATA[=#"urn:appian:record-type:v1:10994667-097d-4e53-bdfd-df1b31feb67e"]]></a:expr>
                <a:required>1</a:required>
                <a:editable>1</a:editable>
                <a:assign-to-pv/>
                <a:input-to-activity-class>true</a:input-to-activity-class>
                <a:hidden-from-designer>true</a:hidden-from-designer>
                <a:generated>false</a:generated>
                <a:enumeration/>
                <a:customDisplayReference/>
              </acp>
              <acp name="CaptureEvents">
                <a:value xmlns="" xsi:type="xsd:boolean">false</a:value>
                <a:local-id>captureevents</a:local-id>
                <a:expr/>
                <a:required>1</a:required>
                <a:editable>1</a:editable>
                <a:assign-to-pv/>
                <a:input-to-activity-class>true</a:input-to-activity-class>
                <a:hidden-from-designer>true</a:hidden-from-designer>
                <a:generated>false</a:generated>
                <a:enumeration/>
                <a:customDisplayReference/>
              </acp>
              <acp name="RecordsUpdated">
                <a:value xsi:nil="true" xsi:type="a:Variant?list"/>
                <a:local-id>recordsupdated</a:local-id>
                <a:expr/>
                <a:required>0</a:required>
                <a:editable>1</a:editable>
                <a:assign-to-pv/>
                <a:input-to-activity-class>false</a:input-to-activity-class>
                <a:hidden-from-designer>false</a:hidden-from-designer>
                <a:generated>false</a:generated>
                <a:enumeration/>
                <a:customDisplayReference/>
              </acp>
              <acp name="ErrorOccurred">
                <a:value xsi:nil="true" xsi:type="xsd:boolean"/>
                <a:local-id>erroroccurred</a:local-id>
                <a:expr/>
                <a:required>0</a:required>
                <a:editable>1</a:editable>
                <a:assign-to-pv/>
                <a:input-to-activity-class>false</a:input-to-activity-class>
                <a:hidden-from-designer>false</a:hidden-from-designer>
                <a:generated>false</a:generated>
                <a:enumeration/>
                <a:customDisplayReference/>
              </acp>
              <acp name="Error">
                <a:value xsi:nil="true" xsi:type="xsd:string"/>
                <a:local-id>errors</a:local-id>
                <a:expr/>
                <a:required>0</a:required>
                <a:editable>1</a:editable>
                <a:assign-to-pv/>
                <a:input-to-activity-class>false</a:input-to-activity-class>
                <a:hidden-from-designer>false</a:hidden-from-designer>
                <a:generated>false</a:generated>
                <a:enumeration/>
                <a:customDisplayReference/>
              </acp>
            </acps>
            <custom-params/>
            <output-exprs/>
            <requires-user-interaction>true</requires-user-interaction>
            <run-as>
              <performer id="0"/>
            </run-as>
            <form-map>
              <pair>
                <locale country="" lang="el" variant=""/>
                <form-config>
                  <form>
                    <type>3</type>
                    <enabled>false</enabled>
                    <dynamic-form>
                      <form-elements/>
                    </dynamic-form>
                    <uiExpressionForm>
                      <expression><![CDATA[=/*41707069616E-GEN-DEBUG*/=a!formLayout(
  buttons: a!buttonLayout(
    primaryButtons: {
      a!buttonWidgetSubmit(
        label: "OK",
        style: "PRIMARY"
      )
    }
  ))]]></expression>
                    </uiExpressionForm>
                    <hiddenSections>16</hiddenSections>
                  </form>
                </form-config>
              </pair>
              <pair>
                <locale country="US" lang="en" variant=""/>
                <form-config>
                  <form>
                    <type>3</type>
                    <enabled>true</enabled>
                    <dynamic-form>
                      <form-elements/>
                    </dynamic-form>
                    <uiExpressionForm>
                      <expression><![CDATA[=/*41707069616E-GEN-DEBUG*/=a!formLayout(
  buttons: a!buttonLayout(
    primaryButtons: {
      a!buttonWidgetSubmit(
        label: "OK",
        style: "PRIMARY"
      )
    }
  ))]]></expression>
                    </uiExpressionForm>
                    <hiddenSections>16</hiddenSections>
                  </form>
                </form-config>
              </pair>
            </form-map>
            <helper-class/>
          </ac>
          <multiple-instance/>
          <escalations/>
          <connections>
            <connection>
              <guiId>1</guiId>
              <to>1</to>
              <toObjectType>ap.gui.Node</toObjectType>
              <fromAnchor/>
              <toAnchor/>
              <showArrowhead>true</showArrowhead>
              <flowLabel/>
              <label>
                <fontColor>#000</fontColor>
                <fontFamily>Appian Open Sans, Sans-Serif</fontFamily>
                <fontSize>12</fontSize>
                <bold>false</bold>
                <italics>false</italics>
                <underline>false</underline>
              </label>
              <associations/>
              <chained>true</chained>
              <overridesAssignment>true</overridesAssignment>
              <synchronizeData>false</synchronizeData>
            </connection>
          </connections>
          <associations/>
          <target-completion>5.0</target-completion>
          <target-lag>1.0</target-lag>
          <attachments/>
          <notes/>
          <lingering>false</lingering>
          <on-create-ignore-if-active>false</on-create-ignore-if-active>
          <on-create-delete-previous-active>false</on-create-delete-previous-active>
          <on-complete-delete-previous-completed>false</on-complete-delete-previous-completed>
          <pre-triggers/>
          <post-triggers/>
          <event-producers/>
          <exception-flow/>
          <label>
            <fontColor>#000</fontColor>
            <fontFamily>Appian Open Sans, Sans-Serif</fontFamily>
            <fontSize>12</fontSize>
            <bold>false</bold>
            <italics>false</italics>
            <underline>false</underline>
          </label>
          <deadline>
            <enabled>false</enabled>
            <type>0</type>
            <units>0</units>
            <rex/>
            <aex/>
          </deadline>
          <allowsBack>false</allowsBack>
          <refreshDefaultValues>false</refreshDefaultValues>
          <on-complete-keep-form-data>false</on-complete-keep-form-data>
          <skipNotification>false</skipNotification>
        </node>
        <node uuid="0001ec5d-af10-8000-b81d-7f0000014e7a">
          <guiId>1</guiId>
          <owner/>
          <icon id="51"/>
          <picon id="0"/>
          <fname>
            <string-map>
              <pair>
                <locale country="US" lang="en" variant=""/>
                <value><![CDATA[End Node]]></value>
              </pair>
              <pair>
                <locale country="" lang="el" variant=""/>
                <value><![CDATA[End Node]]></value>
              </pair>
            </string-map>
          </fname>
          <x>812</x>
          <y>112</y>
          <display>
            <string-map>
              <pair>
                <locale country="US" lang="en" variant=""/>
                <value><![CDATA[End Node]]></value>
              </pair>
              <pair>
                <locale country="" lang="el" variant=""/>
                <value><![CDATA[End Node]]></value>
              </pair>
            </string-map>
          </display>
          <desc>
            <string-map>
              <pair>
                <locale country="US" lang="en" variant=""/>
                <value/>
              </pair>
              <pair>
                <locale country="" lang="el" variant=""/>
                <value/>
              </pair>
            </string-map>
          </desc>
          <notify>false</notify>
          <confirmation-url/>
          <lane/>
          <overrideLaneAssignment>false</overrideLaneAssignment>
          <ac>
            <local-id>core.1</local-id>
            <name><![CDATA[End Node]]></name>
            <acps>
              <acp name="pmID">
                <a:value xsi:nil="true" xsi:type="a:ProcessModel"/>
                <a:local-id>0</a:local-id>
                <a:expr/>
                <a:required>0</a:required>
                <a:editable>0</a:editable>
                <a:assign-to-pv/>
                <a:input-to-activity-class>true</a:input-to-activity-class>
                <a:hidden-from-designer>false</a:hidden-from-designer>
                <a:generated>false</a:generated>
                <a:enumeration/>
                <a:customDisplayReference/>
              </acp>
              <acp name="inMap">
                <a:value xsi:nil="true" xsi:type="a:Bean?list"/>
                <a:local-id>1</a:local-id>
                <a:expr/>
                <a:required>0</a:required>
                <a:editable>1</a:editable>
                <a:assign-to-pv/>
                <a:input-to-activity-class>true</a:input-to-activity-class>
                <a:hidden-from-designer>false</a:hidden-from-designer>
                <a:generated>false</a:generated>
                <a:enumeration/>
                <a:customDisplayReference/>
              </acp>
              <acp name="procInheritsPriority">
                <a:value xmlns="" xsi:type="xsd:int">1</a:value>
                <a:local-id>5</a:local-id>
                <a:expr/>
                <a:required>0</a:required>
                <a:editable>1</a:editable>
                <a:assign-to-pv/>
                <a:input-to-activity-class>false</a:input-to-activity-class>
                <a:hidden-from-designer>false</a:hidden-from-designer>
                <a:generated>false</a:generated>
                <a:enumeration/>
                <a:customDisplayReference/>
              </acp>
              <acp name="pmUUID">
                <a:value xsi:nil="true" xsi:type="xsd:string"/>
                <a:local-id>6</a:local-id>
                <a:expr/>
                <a:required>0</a:required>
                <a:editable>1</a:editable>
                <a:assign-to-pv/>
                <a:input-to-activity-class>true</a:input-to-activity-class>
                <a:hidden-from-designer>false</a:hidden-from-designer>
                <a:generated>false</a:generated>
                <a:enumeration/>
                <a:customDisplayReference/>
              </acp>
              <acp name="isAsynchronous">
                <a:value xmlns="" xsi:type="xsd:boolean">true</a:value>
                <a:local-id>7</a:local-id>
                <a:expr/>
                <a:required>1</a:required>
                <a:editable>0</a:editable>
                <a:assign-to-pv/>
                <a:input-to-activity-class>true</a:input-to-activity-class>
                <a:hidden-from-designer>true</a:hidden-from-designer>
                <a:generated>false</a:generated>
                <a:enumeration/>
                <a:customDisplayReference/>
              </acp>
              <acp name="isTransparent">
                <a:value xmlns="" xsi:type="xsd:boolean">true</a:value>
                <a:local-id>14</a:local-id>
                <a:expr/>
                <a:required>1</a:required>
                <a:editable>1</a:editable>
                <a:assign-to-pv/>
                <a:input-to-activity-class>true</a:input-to-activity-class>
                <a:hidden-from-designer>true</a:hidden-from-designer>
                <a:generated>false</a:generated>
                <a:enumeration/>
                <a:customDisplayReference/>
              </acp>
              <acp name="inheritSecurity">
                <a:value xmlns="" xsi:type="xsd:boolean">false</a:value>
                <a:local-id>15</a:local-id>
                <a:expr/>
                <a:required>1</a:required>
                <a:editable>1</a:editable>
                <a:assign-to-pv/>
                <a:input-to-activity-class>true</a:input-to-activity-class>
                <a:hidden-from-designer>true</a:hidden-from-designer>
                <a:generated>false</a:generated>
                <a:enumeration/>
                <a:customDisplayReference/>
              </acp>
            </acps>
            <custom-params/>
            <output-exprs/>
            <requires-user-interaction>true</requires-user-interaction>
            <run-as>
              <performer id="0"/>
            </run-as>
            <form-map/>
            <helper-class/>
          </ac>
          <multiple-instance/>
          <escalations/>
          <connections/>
          <associations/>
          <target-completion>5.0</target-completion>
          <target-lag>1.0</target-lag>
          <attachments/>
          <notes/>
          <lingering>false</lingering>
          <on-create-ignore-if-active>false</on-create-ignore-if-active>
          <on-create-delete-previous-active>false</on-create-delete-previous-active>
          <on-complete-delete-previous-completed>false</on-complete-delete-previous-completed>
          <pre-triggers/>
          <post-triggers/>
          <event-producers>
            <terminate-producer index="0">
              <persistentId>0002ec5d-b2d0-8000-b821-7f0000014e7a</persistentId>
              <name><![CDATA[Terminate Process_1]]></name>
              <desc/>
            </terminate-producer>
          </event-producers>
          <exception-flow/>
          <label>
            <fontColor>#000000</fontColor>
            <fontFamily>Appian Open Sans, Sans-Serif</fontFamily>
            <fontSize>12</fontSize>
            <bold>false</bold>
            <italics>false</italics>
            <underline>false</underline>
          </label>
          <deadline>
            <enabled>false</enabled>
            <type>0</type>
            <units>0</units>
            <rex/>
            <aex/>
          </deadline>
          <allowsBack>false</allowsBack>
          <refreshDefaultValues>false</refreshDefaultValues>
          <on-complete-keep-form-data>false</on-complete-keep-form-data>
          <skipNotification>false</skipNotification>
        </node>
        <node uuid="0001ec5e-e6dc-8000-b847-7f0000014e7a">
          <guiId>4</guiId>
          <owner/>
          <icon id="156"/>
          <picon id="156"/>
          <fname>
            <string-map>
              <pair>
                <locale country="US" lang="en" variant=""/>
                <value><![CDATA[Delete Records]]></value>
              </pair>
            </string-map>
          </fname>
          <x>392</x>
          <y>112</y>
          <display>
            <string-map>
              <pair>
                <locale country="US" lang="en" variant=""/>
                <value><![CDATA[Delete Records]]></value>
              </pair>
            </string-map>
          </display>
          <desc>
            <string-map>
              <pair>
                <locale country="US" lang="en" variant=""/>
                <value/>
              </pair>
            </string-map>
          </desc>
          <notify>false</notify>
          <confirmation-url/>
          <lane/>
          <overrideLaneAssignment>false</overrideLaneAssignment>
          <ac>
            <local-id>internal3.delete_records_from_source_23r4</local-id>
            <name><![CDATA[Delete Records and Related Records]]></name>
            <acps>
              <acp name="Records">
                <a:value xsi:nil="true" xsi:type="a:Variant?list"/>
                <a:local-id>records</a:local-id>
                <a:expr><![CDATA[=pv!dcrSectionQuestionMapping]]></a:expr>
                <a:required>1</a:required>
                <a:editable>1</a:editable>
                <a:assign-to-pv/>
                <a:input-to-activity-class>true</a:input-to-activity-class>
                <a:hidden-from-designer>false</a:hidden-from-designer>
                <a:generated>false</a:generated>
                <a:enumeration/>
                <a:customDisplayReference/>
              </acp>
              <acp name="PauseOnError">
                <a:value xmlns="" xsi:type="xsd:boolean">true</a:value>
                <a:local-id>pauseonerror</a:local-id>
                <a:expr/>
                <a:required>0</a:required>
                <a:editable>1</a:editable>
                <a:assign-to-pv/>
                <a:input-to-activity-class>true</a:input-to-activity-class>
                <a:hidden-from-designer>false</a:hidden-from-designer>
                <a:generated>false</a:generated>
                <a:enumeration/>
                <a:customDisplayReference/>
              </acp>
              <acp name="Version">
                <a:value xmlns="" xsi:type="xsd:int">6</a:value>
                <a:local-id>version</a:local-id>
                <a:expr/>
                <a:required>1</a:required>
                <a:editable>0</a:editable>
                <a:assign-to-pv/>
                <a:input-to-activity-class>true</a:input-to-activity-class>
                <a:hidden-from-designer>true</a:hidden-from-designer>
                <a:generated>false</a:generated>
                <a:enumeration/>
                <a:customDisplayReference/>
              </acp>
              <acp name="CountOfRecordsDeleted">
                <a:value xsi:nil="true" xsi:type="xsd:int"/>
                <a:local-id>countofrecordsdeleted</a:local-id>
                <a:expr/>
                <a:required>0</a:required>
                <a:editable>1</a:editable>
                <a:assign-to-pv/>
                <a:input-to-activity-class>false</a:input-to-activity-class>
                <a:hidden-from-designer>false</a:hidden-from-designer>
                <a:generated>false</a:generated>
                <a:enumeration/>
                <a:customDisplayReference/>
              </acp>
              <acp name="ErrorOccurred">
                <a:value xsi:nil="true" xsi:type="xsd:boolean"/>
                <a:local-id>erroroccurred</a:local-id>
                <a:expr/>
                <a:required>0</a:required>
                <a:editable>1</a:editable>
                <a:assign-to-pv/>
                <a:input-to-activity-class>false</a:input-to-activity-class>
                <a:hidden-from-designer>false</a:hidden-from-designer>
                <a:generated>false</a:generated>
                <a:enumeration/>
                <a:customDisplayReference/>
              </acp>
              <acp name="Error">
                <a:value xsi:nil="true" xsi:type="xsd:string"/>
                <a:local-id>errors</a:local-id>
                <a:expr/>
                <a:required>0</a:required>
                <a:editable>1</a:editable>
                <a:assign-to-pv/>
                <a:input-to-activity-class>false</a:input-to-activity-class>
                <a:hidden-from-designer>false</a:hidden-from-designer>
                <a:generated>false</a:generated>
                <a:enumeration/>
                <a:customDisplayReference/>
              </acp>
            </acps>
            <custom-params/>
            <output-exprs/>
            <requires-user-interaction>true</requires-user-interaction>
            <run-as>
              <performer id="0"/>
            </run-as>
            <form-map>
              <pair>
                <locale country="" lang="el" variant=""/>
                <form-config>
                  <form>
                    <type>3</type>
                    <enabled>false</enabled>
                    <dynamic-form>
                      <form-elements/>
                    </dynamic-form>
                    <uiExpressionForm>
                      <expression><![CDATA[=/*41707069616E-GEN-DEBUG*/=a!formLayout(
  buttons: a!buttonLayout(
    primaryButtons: {
      a!buttonWidgetSubmit(
        label: "OK",
        style: "PRIMARY"
      )
    }
  ))]]></expression>
                    </uiExpressionForm>
                    <hiddenSections>16</hiddenSections>
                  </form>
                </form-config>
              </pair>
              <pair>
                <locale country="US" lang="en" variant=""/>
                <form-config>
                  <form>
                    <type>3</type>
                    <enabled>true</enabled>
                    <dynamic-form>
                      <form-elements/>
                    </dynamic-form>
                    <uiExpressionForm>
                      <expression><![CDATA[=/*41707069616E-GEN-DEBUG*/=a!formLayout(
  buttons: a!buttonLayout(
    primaryButtons: {
      a!buttonWidgetSubmit(
        label: "OK",
        style: "PRIMARY"
      )
    }
  ))]]></expression>
                    </uiExpressionForm>
                    <hiddenSections>16</hiddenSections>
                  </form>
                </form-config>
              </pair>
            </form-map>
            <helper-class/>
          </ac>
          <multiple-instance/>
          <escalations/>
          <connections>
            <connection>
              <guiId>7</guiId>
              <to>3</to>
              <toObjectType>ap.gui.Node</toObjectType>
              <fromAnchor/>
              <toAnchor/>
              <showArrowhead>true</showArrowhead>
              <flowLabel/>
              <label>
                <fontColor>#000</fontColor>
                <fontFamily>Appian Open Sans, Sans-Serif</fontFamily>
                <fontSize>12</fontSize>
                <bold>false</bold>
                <italics>false</italics>
                <underline>false</underline>
              </label>
              <associations/>
              <chained>true</chained>
              <overridesAssignment>true</overridesAssignment>
              <synchronizeData>false</synchronizeData>
            </connection>
          </connections>
          <associations/>
          <target-completion>5.0</target-completion>
          <target-lag>1.0</target-lag>
          <attachments/>
          <notes/>
          <lingering>false</lingering>
          <on-create-ignore-if-active>false</on-create-ignore-if-active>
          <on-create-delete-previous-active>false</on-create-delete-previous-active>
          <on-complete-delete-previous-completed>false</on-complete-delete-previous-completed>
          <pre-triggers/>
          <post-triggers/>
          <event-producers/>
          <exception-flow/>
          <label>
            <fontColor>#000</fontColor>
            <fontFamily>Appian Open Sans, Sans-Serif</fontFamily>
            <fontSize>12</fontSize>
            <bold>false</bold>
            <italics>false</italics>
            <underline>false</underline>
          </label>
          <deadline>
            <enabled>false</enabled>
            <type>0</type>
            <units>0</units>
            <rex/>
            <aex/>
          </deadline>
          <allowsBack>false</allowsBack>
          <refreshDefaultValues>false</refreshDefaultValues>
          <on-complete-keep-form-data>false</on-complete-keep-form-data>
          <skipNotification>false</skipNotification>
        </node>
        <node uuid="0001ec5d-b2d0-8000-b821-7f0000014e7a">
          <guiId>2</guiId>
          <owner/>
          <icon id="58"/>
          <picon id="59"/>
          <fname>
            <string-map>
              <pair>
                <locale country="US" lang="en" variant=""/>
                <value><![CDATA[cancel?]]></value>
              </pair>
              <pair>
                <locale country="" lang="el" variant=""/>
                <value/>
              </pair>
            </string-map>
          </fname>
          <x>224</x>
          <y>112</y>
          <display>
            <string-map>
              <pair>
                <locale country="US" lang="en" variant=""/>
                <value><![CDATA[cancel?]]></value>
              </pair>
              <pair>
                <locale country="" lang="el" variant=""/>
                <value/>
              </pair>
            </string-map>
          </display>
          <desc>
            <string-map>
              <pair>
                <locale country="US" lang="en" variant=""/>
                <value/>
              </pair>
              <pair>
                <locale country="" lang="el" variant=""/>
                <value/>
              </pair>
            </string-map>
          </desc>
          <notify>false</notify>
          <confirmation-url/>
          <lane/>
          <overrideLaneAssignment>true</overrideLaneAssignment>
          <ac>
            <local-id>core.4</local-id>
            <name><![CDATA[XOR]]></name>
            <acps>
              <acp name="defaultNode">
                <a:value xmlns="" xsi:type="xsd:int">4</a:value>
                <a:local-id>0</a:local-id>
                <a:expr/>
                <a:required>1</a:required>
                <a:editable>0</a:editable>
                <a:assign-to-pv/>
                <a:input-to-activity-class>true</a:input-to-activity-class>
                <a:hidden-from-designer>false</a:hidden-from-designer>
                <a:generated>false</a:generated>
                <a:enumeration/>
                <a:customDisplayReference/>
              </acp>
              <acp name="rules">
                <a:value xmlns="" xsi:type="a:Bean?list">
                  <a:acps>
                    <a:acp name="rule">
                      <a:value xsi:type="a:Bean">
                        <a:acps>
                          <a:acp name="expression">
                            <a:value xsi:nil="true" xsi:type="xsd:boolean"/>
                            <a:local-id>3</a:local-id>
                            <a:expr><![CDATA[=tostring(pv!button_txt)="Cancel"]]></a:expr>
                            <a:required>0</a:required>
                            <a:editable>1</a:editable>
                            <a:assign-to-pv/>
                            <a:input-to-activity-class>true</a:input-to-activity-class>
                            <a:hidden-from-designer>false</a:hidden-from-designer>
                            <a:generated>false</a:generated>
                            <a:enumeration/>
                            <a:customDisplayReference/>
                          </a:acp>
                          <a:acp name="node">
                            <a:value xsi:type="xsd:int">1</a:value>
                            <a:local-id>4</a:local-id>
                            <a:expr/>
                            <a:required>0</a:required>
                            <a:editable>0</a:editable>
                            <a:assign-to-pv/>
                            <a:input-to-activity-class>true</a:input-to-activity-class>
                            <a:hidden-from-designer>false</a:hidden-from-designer>
                            <a:generated>false</a:generated>
                            <a:enumeration/>
                            <a:customDisplayReference/>
                          </a:acp>
                          <a:acp name="label">
                            <a:value xsi:nil="true" xsi:type="xsd:string"/>
                            <a:local-id>5</a:local-id>
                            <a:expr/>
                            <a:required>0</a:required>
                            <a:editable>0</a:editable>
                            <a:assign-to-pv/>
                            <a:input-to-activity-class>true</a:input-to-activity-class>
                            <a:hidden-from-designer>false</a:hidden-from-designer>
                            <a:generated>false</a:generated>
                            <a:enumeration/>
                            <a:customDisplayReference/>
                          </a:acp>
                        </a:acps>
                      </a:value>
                      <a:local-id>2</a:local-id>
                      <a:expr/>
                      <a:required>0</a:required>
                      <a:editable>0</a:editable>
                      <a:assign-to-pv/>
                      <a:input-to-activity-class>true</a:input-to-activity-class>
                      <a:hidden-from-designer>false</a:hidden-from-designer>
                      <a:generated>false</a:generated>
                      <a:enumeration/>
                      <a:customDisplayReference/>
                    </a:acp>
                    <a:acp name="rule">
                      <a:value xsi:type="a:Bean">
                        <a:acps>
                          <a:acp name="expression">
                            <a:value xsi:nil="true" xsi:type="xsd:boolean"/>
                            <a:local-id>3</a:local-id>
                            <a:expr><![CDATA[= a!isNullOrEmpty(pv!dcrSectionQuestionMapping)]]></a:expr>
                            <a:required>0</a:required>
                            <a:editable>1</a:editable>
                            <a:assign-to-pv/>
                            <a:input-to-activity-class>true</a:input-to-activity-class>
                            <a:hidden-from-designer>false</a:hidden-from-designer>
                            <a:generated>false</a:generated>
                            <a:enumeration/>
                            <a:customDisplayReference/>
                          </a:acp>
                          <a:acp name="node">
                            <a:value xsi:type="xsd:int">3</a:value>
                            <a:local-id>4</a:local-id>
                            <a:expr/>
                            <a:required>0</a:required>
                            <a:editable>0</a:editable>
                            <a:assign-to-pv/>
                            <a:input-to-activity-class>true</a:input-to-activity-class>
                            <a:hidden-from-designer>false</a:hidden-from-designer>
                            <a:generated>false</a:generated>
                            <a:enumeration/>
                            <a:customDisplayReference/>
                          </a:acp>
                          <a:acp name="label">
                            <a:value xsi:nil="true" xsi:type="xsd:string"/>
                            <a:local-id>5</a:local-id>
                            <a:expr/>
                            <a:required>0</a:required>
                            <a:editable>0</a:editable>
                            <a:assign-to-pv/>
                            <a:input-to-activity-class>true</a:input-to-activity-class>
                            <a:hidden-from-designer>false</a:hidden-from-designer>
                            <a:generated>false</a:generated>
                            <a:enumeration/>
                            <a:customDisplayReference/>
                          </a:acp>
                        </a:acps>
                      </a:value>
                      <a:local-id>2</a:local-id>
                      <a:expr/>
                      <a:required>0</a:required>
                      <a:editable>0</a:editable>
                      <a:assign-to-pv/>
                      <a:input-to-activity-class>true</a:input-to-activity-class>
                      <a:hidden-from-designer>false</a:hidden-from-designer>
                      <a:generated>false</a:generated>
                      <a:enumeration/>
                      <a:customDisplayReference/>
                    </a:acp>
                  </a:acps>
                </a:value>
                <a:local-id>1</a:local-id>
                <a:expr/>
                <a:required>0</a:required>
                <a:editable>0</a:editable>
                <a:assign-to-pv/>
                <a:input-to-activity-class>true</a:input-to-activity-class>
                <a:hidden-from-designer>false</a:hidden-from-designer>
                <a:generated>false</a:generated>
                <a:enumeration/>
                <a:customDisplayReference/>
              </acp>
              <acp name="fired">
                <a:value xmlns="" xsi:type="xsd:int">0</a:value>
                <a:local-id>6</a:local-id>
                <a:expr/>
                <a:required>0</a:required>
                <a:editable>1</a:editable>
                <a:assign-to-pv/>
                <a:input-to-activity-class>false</a:input-to-activity-class>
                <a:hidden-from-designer>false</a:hidden-from-designer>
                <a:generated>false</a:generated>
                <a:enumeration/>
                <a:customDisplayReference/>
              </acp>
              <acp name="arrivedNodes">
                <a:value xsi:nil="true" xsi:type="a:Integer?list"/>
                <a:local-id>7</a:local-id>
                <a:expr/>
                <a:required>0</a:required>
                <a:editable>0</a:editable>
                <a:assign-to-pv/>
                <a:input-to-activity-class>false</a:input-to-activity-class>
                <a:hidden-from-designer>false</a:hidden-from-designer>
                <a:generated>false</a:generated>
                <a:enumeration/>
                <a:customDisplayReference/>
              </acp>
            </acps>
            <custom-params/>
            <output-exprs/>
            <requires-user-interaction>true</requires-user-interaction>
            <run-as>
              <performer id="0"/>
            </run-as>
            <form-map/>
            <helper-class/>
          </ac>
          <multiple-instance/>
          <escalations/>
          <connections>
            <connection>
              <guiId>5</guiId>
              <to>1</to>
              <toObjectType>ap.gui.Node</toObjectType>
              <fromAnchor>0</fromAnchor>
              <toAnchor>0</toAnchor>
              <showArrowhead>true</showArrowhead>
              <flowLabel/>
              <label>
                <fontColor>#000000</fontColor>
                <fontFamily>Appian Open Sans, Sans-Serif</fontFamily>
                <fontSize>12</fontSize>
                <bold>false</bold>
                <italics>false</italics>
                <underline>false</underline>
              </label>
              <associations/>
              <chained>true</chained>
              <overridesAssignment>true</overridesAssignment>
              <synchronizeData>false</synchronizeData>
            </connection>
            <connection>
              <guiId>6</guiId>
              <to>4</to>
              <toObjectType>ap.gui.Node</toObjectType>
              <fromAnchor/>
              <toAnchor/>
              <showArrowhead>true</showArrowhead>
              <flowLabel/>
              <label>
                <fontColor>#000</fontColor>
                <fontFamily>Appian Open Sans, Sans-Serif</fontFamily>
                <fontSize>12</fontSize>
                <bold>false</bold>
                <italics>false</italics>
                <underline>false</underline>
              </label>
              <associations/>
              <chained>true</chained>
              <overridesAssignment>true</overridesAssignment>
              <synchronizeData>false</synchronizeData>
            </connection>
            <connection>
              <guiId>8</guiId>
              <to>3</to>
              <toObjectType>ap.gui.Node</toObjectType>
              <fromAnchor>2</fromAnchor>
              <toAnchor>2</toAnchor>
              <showArrowhead>true</showArrowhead>
              <flowLabel/>
              <label>
                <fontColor>#000000</fontColor>
                <fontFamily>Appian Open Sans, Sans-Serif</fontFamily>
                <fontSize>12</fontSize>
                <bold>false</bold>
                <italics>false</italics>
                <underline>false</underline>
              </label>
              <associations/>
              <chained>true</chained>
              <overridesAssignment>true</overridesAssignment>
              <synchronizeData>false</synchronizeData>
            </connection>
          </connections>
          <associations/>
          <target-completion>5.0</target-completion>
          <target-lag>1.0</target-lag>
          <attachments/>
          <notes/>
          <lingering>false</lingering>
          <on-create-ignore-if-active>false</on-create-ignore-if-active>
          <on-create-delete-previous-active>false</on-create-delete-previous-active>
          <on-complete-delete-previous-completed>false</on-complete-delete-previous-completed>
          <pre-triggers/>
          <post-triggers/>
          <event-producers/>
          <exception-flow/>
          <label>
            <fontColor>#000000</fontColor>
            <fontFamily>Appian Open Sans, Sans-Serif</fontFamily>
            <fontSize>12</fontSize>
            <bold>false</bold>
            <italics>false</italics>
            <underline>false</underline>
          </label>
          <deadline>
            <enabled>false</enabled>
            <type>0</type>
            <units>0</units>
            <rex/>
            <aex/>
          </deadline>
          <allowsBack>false</allowsBack>
          <refreshDefaultValues>false</refreshDefaultValues>
          <on-complete-keep-form-data>false</on-complete-keep-form-data>
          <skipNotification>false</skipNotification>
        </node>
      </nodes>
      <annotations/>
      <lanes/>
      <attachments/>
      <notes/>
      <priority id="1"/>
      <form-map>
        <pair>
          <locale country="" lang="el" variant=""/>
          <form-config>
            <form>
              <type>3</type>
              <enabled>false</enabled>
              <dynamic-form>
                <form-elements/>
              </dynamic-form>
              <uiExpressionForm>
                <expression/>
              </uiExpressionForm>
              <hiddenSections>16</hiddenSections>
            </form>
          </form-config>
        </pair>
        <pair>
          <locale country="US" lang="en" variant=""/>
          <form-config>
            <form>
              <type>3</type>
              <enabled>true</enabled>
              <dynamic-form>
                <form-elements/>
              </dynamic-form>
              <uiExpressionForm>
                <expression><![CDATA[/*41707069616E-GEN*/#"_a-0000ec29-b861-8000-9c5e-011c48011c48_2851429"(
	dcrSection: pv!dcrSection,
	button_txt: pv!button_txt,
	isUpdate: pv!isUpdate,
	dcrSectionQuestionMapping: pv!dcrSectionQuestionMapping
)]]></expression>
              </uiExpressionForm>
              <interfaceInformation>
                <name>DCR_CreateSection</name>
                <uuid>_a-0000ec29-b861-8000-9c5e-011c48011c48_2851429</uuid>
                <ruleInputs>
                  <ruleInput>
                    <name>dcrSection</name>
                    <typeQName>{urn:com:appian:recordtype:datatype}10994667-097d-4e53-bdfd-df1b31feb67e</typeQName>
                    <value><![CDATA[pv!dcrSection]]></value>
                  </ruleInput>
                  <ruleInput>
                    <name>button_txt</name>
                    <typeQName>{http://www.appian.com/ae/types/2009}Text</typeQName>
                    <value><![CDATA[pv!button_txt]]></value>
                  </ruleInput>
                  <ruleInput>
                    <name>isUpdate</name>
                    <typeQName>{http://www.appian.com/ae/types/2009}Boolean</typeQName>
                    <value><![CDATA[pv!isUpdate]]></value>
                  </ruleInput>
                  <ruleInput>
                    <name>dcrSectionQuestionMapping</name>
                    <typeQName>{urn:com:appian:recordtype:datatype}739d2f58-c68e-46c8-aef1-6cc371d4a58d?list</typeQName>
                    <value><![CDATA[pv!dcrSectionQuestionMapping]]></value>
                  </ruleInput>
                </ruleInputs>
              </interfaceInformation>
              <hiddenSections>16</hiddenSections>
            </form>
          </form-config>
        </pair>
      </form-map>
      <isPublic>false</isPublic>
      <isEPEx>false</isEPEx>
    </pm>
  </process_model_port>
  <isPublished>true</isPublished>
  <history>
    <historyInfo versionUuid="0002ec5e-e6dc-8000-b847-7f0000014e7a"/>
  </history>
</processModelHaul>
