<?xml version="1.0" encoding="UTF-8"?>
<siteHaul xmlns:a="http://www.appian.com/ae/types/2009" xmlns:xsi="http://www.w3.org/2001/XMLSchema-instance">
  <versionUuid>01049843-8dad-4547-8416-82abb431f74b</versionUuid>
  <site a:uuid="1ca46e5b-01c6-4841-880c-e88ff628aac9" name="DCR Due Diligence - Admin">
    <description>Admin page for DCR Due Diligence Process</description>
    <urlStub>dcr-due-diligence-admin</urlStub>
    <page a:uuid="b2cf395c-a78e-468f-9e35-1c16c305f19a">
      <staticName>Due Diligence - Admin</staticName>
      <description/>
      <urlStub>dcr-admin</urlStub>
      <uiObject a:uuid="_a-0000ec29-b861-8000-9c5e-011c48011c48_2850623" xsi:type="a:ContentFreeformRule"/>
      <iconId>f016</iconId>
      <visibilityExpr>fn!true()</visibilityExpr>
      <pageWidth>WIDE</pageWidth>
      <areUrlParamsEncrypted>true</areUrlParamsEncrypted>
      <autoContextUpdateEnabled>true</autoContextUpdateEnabled>
    </page>
    <visibility>268435456</visibility>
    <faviconRef a:uuid="SYSTEM_CONTENT_SITES_DEFAULT_FAVICON" xsi:type="a:CollaborationDocument"/>
    <logoRef a:uuid="SYSTEM_CONTENT_SITES_DEFAULT_LOGO" xsi:type="a:CollaborationDocument"/>
    <showName>false</showName>
    <tempoLinkVisibility>EVERYONE</tempoLinkVisibility>
    <showRecordNews>false</showRecordNews>
    <tasksInSitesVisibility>HIDDEN</tasksInSitesVisibility>
    <staticLogoAltText>Logo</staticLogoAltText>
    <buttonShape>SQUARED</buttonShape>
    <navigationBarStyle>STYLE2</navigationBarStyle>
    <inputShape>SQUARED</inputShape>
    <isSystem>false</isSystem>
    <displayName>DCR Due Diligence - Admin</displayName>
    <isStaticDisplayName>true</isStaticDisplayName>
    <nameExprIsEvaluable>true</nameExprIsEvaluable>
    <primaryNavLayoutType>TOPBAR</primaryNavLayoutType>
  </site>
  <roleMap>
    <role name="site_administrator">
      <users/>
      <groups>
        <groupUuid>839b8276-38ad-49d7-96b6-3775afc2f7c1</groupUuid>
      </groups>
    </role>
    <role name="site_viewer">
      <users/>
      <groups>
        <groupUuid>10c7e6df-ddd8-4267-ab03-272a3cb241df</groupUuid>
      </groups>
    </role>
  </roleMap>
  <history>
    <historyInfo versionUuid="01049843-8dad-4547-8416-82abb431f74b"/>
  </history>
</siteHaul>
