<?xml version="1.0" encoding="UTF-8"?>
<siteHaul xmlns:a="http://www.appian.com/ae/types/2009" xmlns:xsi="http://www.w3.org/2001/XMLSchema-instance">
  <versionUuid>61355b4a-d735-4289-802d-b6dbb72a35d3</versionUuid>
  <site a:uuid="e1198613-dde7-4dd3-be11-37f5743b490a" name="DCR Due Diligence">
    <description/>
    <urlStub>due-diligence</urlStub>
    <page a:uuid="99df8b59-60c5-4c67-8c4d-50fafe128d3d">
      <staticName>HOME</staticName>
      <description/>
      <urlStub>home</urlStub>
      <uiObject a:uuid="_a-0000ec29-b861-8000-9c5e-011c48011c48_2850437" xsi:type="a:ContentFreeformRule"/>
      <iconId>f016</iconId>
      <visibilityExpr>fn!true()</visibilityExpr>
      <pageWidth>WIDE</pageWidth>
      <areUrlParamsEncrypted>true</areUrlParamsEncrypted>
      <autoContextUpdateEnabled>true</autoContextUpdateEnabled>
    </page>
    <visibility>268435456</visibility>
    <faviconRef a:uuid="SYSTEM_CONTENT_SITES_DEFAULT_FAVICON" xsi:type="a:CollaborationDocument"/>
    <logoRef a:uuid="SYSTEM_CONTENT_SITES_DEFAULT_LOGO" xsi:type="a:CollaborationDocument"/>
    <showName>false</showName>
    <tempoLinkVisibility>HIDDEN</tempoLinkVisibility>
    <showRecordNews>true</showRecordNews>
    <tasksInSitesVisibility>HIDDEN</tasksInSitesVisibility>
    <buttonShape>SQUARED</buttonShape>
    <navigationBarStyle>STYLE1</navigationBarStyle>
    <inputShape>SQUARED</inputShape>
    <isSystem>false</isSystem>
    <displayName>Due Diligence</displayName>
    <isStaticDisplayName>true</isStaticDisplayName>
    <nameExprIsEvaluable>true</nameExprIsEvaluable>
    <primaryNavLayoutType>TOPBAR</primaryNavLayoutType>
  </site>
  <roleMap>
    <role name="site_administrator">
      <users/>
      <groups>
        <groupUuid>839b8276-38ad-49d7-96b6-3775afc2f7c1</groupUuid>
      </groups>
    </role>
    <role name="site_viewer">
      <users/>
      <groups>
        <groupUuid>10c7e6df-ddd8-4267-ab03-272a3cb241df</groupUuid>
      </groups>
    </role>
  </roleMap>
  <history>
    <historyInfo versionUuid="61355b4a-d735-4289-802d-b6dbb72a35d3"/>
  </history>
</siteHaul>
